REGION,SETTLEMENTDATE,TOTALDEMAND,RRP,PERIODTYPE
VIC1,2025/03/01 00:05:00,4558.66,144.97,TRADE
VIC1,2025/03/01 00:10:00,4492.06,122.49,TRADE
VIC1,2025/03/01 00:15:00,4456.54,120,TRADE
VIC1,2025/03/01 00:20:00,4400.88,119.81,TRADE
VIC1,2025/03/01 00:25:00,4403.96,120.56,TRADE
VIC1,2025/03/01 00:30:00,4299.42,119.43,TRADE
VIC1,2025/03/01 00:35:00,4353.81,120.92,TRADE
VIC1,2025/03/01 00:40:00,4293.42,120,TRADE
VIC1,2025/03/01 00:45:00,4258.99,119.43,TRADE
VIC1,2025/03/01 00:50:00,4342.94,122.18,TRADE
VIC1,2025/03/01 00:55:00,4323.87,120,TRADE
VIC1,2025/03/01 01:00:00,4294.35,119.81,TRADE
VIC1,2025/03/01 01:05:00,4300.53,141.69,TRADE
VIC1,2025/03/01 01:10:00,4302.54,144.69,TRADE
VIC1,2025/03/01 01:15:00,4268.19,150.91,TRADE
VIC1,2025/03/01 01:20:00,4236.21,150.69,TRADE
VIC1,2025/03/01 01:25:00,4133.61,125.77,TRADE
VIC1,2025/03/01 01:30:00,4091.46,148.99,TRADE
VIC1,2025/03/01 01:35:00,4138.24,149.85,TRADE
VIC1,2025/03/01 01:40:00,4077.02,143.47,TRADE
VIC1,2025/03/01 01:45:00,4052.42,145.43,TRADE
VIC1,2025/03/01 01:50:00,4042.17,128.71,TRADE
VIC1,2025/03/01 01:55:00,4040.79,123.64,TRADE
VIC1,2025/03/01 02:00:00,4045.66,121.63,TRADE
VIC1,2025/03/01 02:05:00,3969.93,120.27,TRADE
VIC1,2025/03/01 02:10:00,3964.94,121.17,TRADE
VIC1,2025/03/01 02:15:00,4035.84,123.55,TRADE
VIC1,2025/03/01 02:20:00,4051.84,124.41,TRADE
VIC1,2025/03/01 02:25:00,3959.05,117.24,TRADE
VIC1,2025/03/01 02:30:00,4037.18,121.84,TRADE
VIC1,2025/03/01 02:35:00,4006.09,125.27,TRADE
VIC1,2025/03/01 02:40:00,4005.04,126.10,TRADE
VIC1,2025/03/01 02:45:00,3942.2,121.95,TRADE
VIC1,2025/03/01 02:50:00,3925.02,121.65,TRADE
VIC1,2025/03/01 02:55:00,3937.47,121.48,TRADE
VIC1,2025/03/01 03:00:00,4020.03,122.41,TRADE
VIC1,2025/03/01 03:05:00,3998.68,121.58,TRADE
VIC1,2025/03/01 03:10:00,3936.5,123.05,TRADE
VIC1,2025/03/01 03:15:00,3990.42,121.71,TRADE
VIC1,2025/03/01 03:20:00,3972.35,124.35,TRADE
VIC1,2025/03/01 03:25:00,3958.03,121.22,TRADE
VIC1,2025/03/01 03:30:00,3926.56,121.27,TRADE
VIC1,2025/03/01 03:35:00,3918.24,128.04,TRADE
VIC1,2025/03/01 03:40:00,3896.97,127.10,TRADE
VIC1,2025/03/01 03:45:00,3965.92,129.98,TRADE
VIC1,2025/03/01 03:50:00,3939.8,151.14,TRADE
VIC1,2025/03/01 03:55:00,3967.79,147.68,TRADE
VIC1,2025/03/01 04:00:00,3995.78,131.88,TRADE
VIC1,2025/03/01 04:05:00,3987.77,120,TRADE
VIC1,2025/03/01 04:10:00,3913.4,120,TRADE
VIC1,2025/03/01 04:15:00,3952.4,132.80,TRADE
VIC1,2025/03/01 04:20:00,4054.87,137.17,TRADE
VIC1,2025/03/01 04:25:00,4094.12,141.43,TRADE
VIC1,2025/03/01 04:30:00,4038.9,121.83,TRADE
VIC1,2025/03/01 04:35:00,3986.48,120.92,TRADE
VIC1,2025/03/01 04:40:00,4033.69,121.83,TRADE
VIC1,2025/03/01 04:45:00,4072.51,123.51,TRADE
VIC1,2025/03/01 04:50:00,4100.34,139.65,TRADE
VIC1,2025/03/01 04:55:00,4062.39,122.23,TRADE
VIC1,2025/03/01 05:00:00,4115.82,122.75,TRADE
VIC1,2025/03/01 05:05:00,4171.53,122.49,TRADE
VIC1,2025/03/01 05:10:00,4159.25,122.51,TRADE
VIC1,2025/03/01 05:15:00,4215.48,122.85,TRADE
VIC1,2025/03/01 05:20:00,4315.66,123.93,TRADE
VIC1,2025/03/01 05:25:00,4247.49,124.24,TRADE
VIC1,2025/03/01 05:30:00,4207.06,138.94,TRADE
VIC1,2025/03/01 05:35:00,4242.6,124.60,TRADE
VIC1,2025/03/01 05:40:00,4348.9,160,TRADE
VIC1,2025/03/01 05:45:00,4362.27,155.64,TRADE
VIC1,2025/03/01 05:50:00,4454.83,167.21,TRADE
VIC1,2025/03/01 05:55:00,4374.8,160,TRADE
VIC1,2025/03/01 06:00:00,4467.36,169.07,TRADE
VIC1,2025/03/01 06:05:00,4461.52,168.06,TRADE
VIC1,2025/03/01 06:10:00,4484.28,170.82,TRADE
VIC1,2025/03/01 06:15:00,4502.04,236.67,TRADE
VIC1,2025/03/01 06:20:00,4427.78,166.22,TRADE
VIC1,2025/03/01 06:25:00,4412.11,153.32,TRADE
VIC1,2025/03/01 06:30:00,4502.56,135.71,TRADE
VIC1,2025/03/01 06:35:00,4373.78,122.23,TRADE
VIC1,2025/03/01 06:40:00,4346.95,120.60,TRADE
VIC1,2025/03/01 06:45:00,4365.17,122.26,TRADE
VIC1,2025/03/01 06:50:00,4355.07,113.32,TRADE
VIC1,2025/03/01 06:55:00,4307.78,99.04,TRADE
VIC1,2025/03/01 07:00:00,4395.79,120.73,TRADE
VIC1,2025/03/01 07:05:00,4254.36,116.92,TRADE
VIC1,2025/03/01 07:10:00,4213.35,114.88,TRADE
VIC1,2025/03/01 07:15:00,4150.78,28.15,TRADE
VIC1,2025/03/01 07:20:00,4194.99,33.89,TRADE
VIC1,2025/03/01 07:25:00,4189.82,33.89,TRADE
VIC1,2025/03/01 07:30:00,4195.29,40.31,TRADE
VIC1,2025/03/01 07:35:00,4076.56,12,TRADE
VIC1,2025/03/01 07:40:00,4151.06,15.95,TRADE
VIC1,2025/03/01 07:45:00,4020.35,33.89,TRADE
VIC1,2025/03/01 07:50:00,3980.12,20.04,TRADE
VIC1,2025/03/01 07:55:00,3962.45,33.89,TRADE
VIC1,2025/03/01 08:00:00,3876.79,12,TRADE
VIC1,2025/03/01 08:05:00,3916.87,37.17,TRADE
VIC1,2025/03/01 08:10:00,3869.92,45.89,TRADE
VIC1,2025/03/01 08:15:00,3860.01,36.01,TRADE
VIC1,2025/03/01 08:20:00,3912.23,15.23,TRADE
VIC1,2025/03/01 08:25:00,3908.61,8.95,TRADE
VIC1,2025/03/01 08:30:00,3733.02,1.03,TRADE
VIC1,2025/03/01 08:35:00,3778.22,9,TRADE
VIC1,2025/03/01 08:40:00,3570.59,19.63,TRADE
VIC1,2025/03/01 08:45:00,3562.04,8.95,TRADE
VIC1,2025/03/01 08:50:00,3718.13,8.95,TRADE
VIC1,2025/03/01 08:55:00,3666.56,1.80,TRADE
VIC1,2025/03/01 09:00:00,3614.48,0,TRADE
VIC1,2025/03/01 09:05:00,3483.96,8.95,TRADE
VIC1,2025/03/01 09:10:00,3464.55,45.89,TRADE
VIC1,2025/03/01 09:15:00,3439.83,23.79,TRADE
VIC1,2025/03/01 09:20:00,3318.12,0,TRADE
VIC1,2025/03/01 09:25:00,3261.69,8.95,TRADE
VIC1,2025/03/01 09:30:00,3246.65,8.95,TRADE
VIC1,2025/03/01 09:35:00,3255.59,8.95,TRADE
VIC1,2025/03/01 09:40:00,3131.46,-1.97,TRADE
VIC1,2025/03/01 09:45:00,3195,8.95,TRADE
VIC1,2025/03/01 09:50:00,3088.58,0.99,TRADE
VIC1,2025/03/01 09:55:00,2996.15,0,TRADE
VIC1,2025/03/01 10:00:00,2986.09,8.95,TRADE
VIC1,2025/03/01 10:05:00,2874.62,8.95,TRADE
VIC1,2025/03/01 10:10:00,2853.44,8.95,TRADE
VIC1,2025/03/01 10:15:00,2898,8.95,TRADE
VIC1,2025/03/01 10:20:00,2877.39,8.95,TRADE
VIC1,2025/03/01 10:25:00,2806.65,0,TRADE
VIC1,2025/03/01 10:30:00,2845.51,-2.46,TRADE
VIC1,2025/03/01 10:35:00,2803.57,-2.02,TRADE
VIC1,2025/03/01 10:40:00,2787.71,-0.39,TRADE
VIC1,2025/03/01 10:45:00,2639.82,0,TRADE
VIC1,2025/03/01 10:50:00,2571.41,-3.99,TRADE
VIC1,2025/03/01 10:55:00,2617.35,-19.16,TRADE
VIC1,2025/03/01 11:00:00,2718.32,-15.69,TRADE
VIC1,2025/03/01 11:05:00,2722.73,-20.19,TRADE
VIC1,2025/03/01 11:10:00,2754.12,-8.69,TRADE
VIC1,2025/03/01 11:15:00,2767.1,-20.69,TRADE
VIC1,2025/03/01 11:20:00,2757.07,-14.38,TRADE
VIC1,2025/03/01 11:25:00,2909.05,-14.56,TRADE
VIC1,2025/03/01 11:30:00,2898.91,-14.52,TRADE
VIC1,2025/03/01 11:35:00,2777.59,-21.37,TRADE
VIC1,2025/03/01 11:40:00,2728.69,-14.21,TRADE
VIC1,2025/03/01 11:45:00,2715.23,-22.69,TRADE
VIC1,2025/03/01 11:50:00,2647.78,-20.19,TRADE
VIC1,2025/03/01 11:55:00,2747.63,-20.35,TRADE
VIC1,2025/03/01 12:00:00,2786.69,-22.98,TRADE
VIC1,2025/03/01 12:05:00,2578.17,-22.27,TRADE
VIC1,2025/03/01 12:10:00,2601.29,-22.03,TRADE
VIC1,2025/03/01 12:15:00,2589.04,-22.51,TRADE
VIC1,2025/03/01 12:20:00,2491.47,-21.78,TRADE
VIC1,2025/03/01 12:25:00,2550.85,-18.15,TRADE
VIC1,2025/03/01 12:30:00,2467.54,-19.70,TRADE
VIC1,2025/03/01 12:35:00,2594.16,-9.41,TRADE
VIC1,2025/03/01 12:40:00,2626,-9.25,TRADE
VIC1,2025/03/01 12:45:00,2633.1,-8.45,TRADE
VIC1,2025/03/01 12:50:00,2753.28,-13.58,TRADE
VIC1,2025/03/01 12:55:00,2676.8,-13.07,TRADE
VIC1,2025/03/01 13:00:00,2485.96,-8.69,TRADE
VIC1,2025/03/01 13:05:00,2456.49,-12.42,TRADE
VIC1,2025/03/01 13:10:00,2454.82,-12.63,TRADE
VIC1,2025/03/01 13:15:00,2583.34,-9.93,TRADE
VIC1,2025/03/01 13:20:00,2564.34,-1.72,TRADE
VIC1,2025/03/01 13:25:00,2606.53,10.24,TRADE
VIC1,2025/03/01 13:30:00,2492.56,9.90,TRADE
VIC1,2025/03/01 13:35:00,2416.47,16.57,TRADE
VIC1,2025/03/01 13:40:00,2411.95,15.12,TRADE
VIC1,2025/03/01 13:45:00,2523.88,9.77,TRADE
VIC1,2025/03/01 13:50:00,2507.19,15.12,TRADE
VIC1,2025/03/01 13:55:00,2542.29,14.06,TRADE
VIC1,2025/03/01 14:00:00,2565.98,12.57,TRADE
VIC1,2025/03/01 14:05:00,2525.49,9.18,TRADE
VIC1,2025/03/01 14:10:00,2404.18,-4.08,TRADE
VIC1,2025/03/01 14:15:00,2621.36,8.95,TRADE
VIC1,2025/03/01 14:20:00,2607.09,8.95,TRADE
VIC1,2025/03/01 14:25:00,2666.83,-2.21,TRADE
VIC1,2025/03/01 14:30:00,2688.26,-8.93,TRADE
VIC1,2025/03/01 14:35:00,2791.6,-6.03,TRADE
VIC1,2025/03/01 14:40:00,2753.97,0,TRADE
VIC1,2025/03/01 14:45:00,2777.81,-9.20,TRADE
VIC1,2025/03/01 14:50:00,2862.79,-9.24,TRADE
VIC1,2025/03/01 14:55:00,3005.48,-2.28,TRADE
VIC1,2025/03/01 15:00:00,3129.6,46.95,TRADE
VIC1,2025/03/01 15:05:00,3360.84,41.51,TRADE
VIC1,2025/03/01 15:10:00,3447.27,-9.53,TRADE
VIC1,2025/03/01 15:15:00,3487.09,82.50,TRADE
VIC1,2025/03/01 15:20:00,3590.84,82.50,TRADE
VIC1,2025/03/01 15:25:00,3718.82,48.48,TRADE
VIC1,2025/03/01 15:30:00,3733.77,30.26,TRADE
VIC1,2025/03/01 15:35:00,3767.95,12,TRADE
VIC1,2025/03/01 15:40:00,3852.72,29.24,TRADE
VIC1,2025/03/01 15:45:00,3903.83,10.61,TRADE
VIC1,2025/03/01 15:50:00,4081.04,30.09,TRADE
VIC1,2025/03/01 15:55:00,4088.81,29.62,TRADE
VIC1,2025/03/01 16:00:00,4123.33,12,TRADE
VIC1,2025/03/01 16:05:00,4184.09,8.95,TRADE
VIC1,2025/03/01 16:10:00,4337.16,10.81,TRADE
VIC1,2025/03/01 16:15:00,4391.93,9,TRADE
VIC1,2025/03/01 16:20:00,4314.2,-2.45,TRADE
VIC1,2025/03/01 16:25:00,4357.04,8.95,TRADE
VIC1,2025/03/01 16:30:00,4453.64,47.16,TRADE
VIC1,2025/03/01 16:35:00,4599.29,49.18,TRADE
VIC1,2025/03/01 16:40:00,4651.14,59,TRADE
VIC1,2025/03/01 16:45:00,4785.75,48.36,TRADE
VIC1,2025/03/01 16:50:00,4827.85,59,TRADE
VIC1,2025/03/01 16:55:00,5007.44,79,TRADE
VIC1,2025/03/01 17:00:00,5056.63,79,TRADE
VIC1,2025/03/01 17:05:00,5120.59,76.02,TRADE
VIC1,2025/03/01 17:10:00,5169.04,83.07,TRADE
VIC1,2025/03/01 17:15:00,5131.71,105.51,TRADE
VIC1,2025/03/01 17:20:00,5024.36,111.12,TRADE
VIC1,2025/03/01 17:25:00,5085.11,112.11,TRADE
VIC1,2025/03/01 17:30:00,5058.85,-19.99,TRADE
VIC1,2025/03/01 17:35:00,4891.18,8.95,TRADE
VIC1,2025/03/01 17:40:00,5084.9,0,TRADE
VIC1,2025/03/01 17:45:00,5128.52,0,TRADE
VIC1,2025/03/01 17:50:00,5278.76,20.04,TRADE
VIC1,2025/03/01 17:55:00,5386.69,35,TRADE
VIC1,2025/03/01 18:00:00,5220.98,8.95,TRADE
VIC1,2025/03/01 18:05:00,5272.46,0,TRADE
VIC1,2025/03/01 18:10:00,5343.5,0,TRADE
VIC1,2025/03/01 18:15:00,5345.54,0,TRADE
VIC1,2025/03/01 18:20:00,5275.64,9.01,TRADE
VIC1,2025/03/01 18:25:00,5319.85,10.38,TRADE
VIC1,2025/03/01 18:30:00,5412.4,21.41,TRADE
VIC1,2025/03/01 18:35:00,5444.76,35,TRADE
VIC1,2025/03/01 18:40:00,5355.02,12,TRADE
VIC1,2025/03/01 18:45:00,5319.36,43.63,TRADE
VIC1,2025/03/01 18:50:00,5328.72,81.85,TRADE
VIC1,2025/03/01 18:55:00,5312.08,89.45,TRADE
VIC1,2025/03/01 19:00:00,5340.46,89.45,TRADE
VIC1,2025/03/01 19:05:00,5403.82,89.45,TRADE
VIC1,2025/03/01 19:10:00,5429.85,104.42,TRADE
VIC1,2025/03/01 19:15:00,5410.52,100.01,TRADE
VIC1,2025/03/01 19:20:00,5373.49,116.22,TRADE
VIC1,2025/03/01 19:25:00,5348.88,118.10,TRADE
VIC1,2025/03/01 19:30:00,5371.02,129.47,TRADE
VIC1,2025/03/01 19:35:00,5336.19,131.21,TRADE
VIC1,2025/03/01 19:40:00,5279.52,121.72,TRADE
VIC1,2025/03/01 19:45:00,5348.44,125,TRADE
VIC1,2025/03/01 19:50:00,5296.47,123.40,TRADE
VIC1,2025/03/01 19:55:00,5298.23,115.85,TRADE
VIC1,2025/03/01 20:00:00,5216.64,113.31,TRADE
VIC1,2025/03/01 20:05:00,5232.9,114.48,TRADE
VIC1,2025/03/01 20:10:00,5171.75,113.31,TRADE
VIC1,2025/03/01 20:15:00,5127.02,101.66,TRADE
VIC1,2025/03/01 20:20:00,4990.66,100.52,TRADE
VIC1,2025/03/01 20:25:00,5048.75,101.28,TRADE
VIC1,2025/03/01 20:30:00,5015.2,100.01,TRADE
VIC1,2025/03/01 20:35:00,4875.7,99.70,TRADE
VIC1,2025/03/01 20:40:00,4910.97,107.38,TRADE
VIC1,2025/03/01 20:45:00,4932.31,109.10,TRADE
VIC1,2025/03/01 20:50:00,4906.54,105.99,TRADE
VIC1,2025/03/01 20:55:00,4871.92,104.61,TRADE
VIC1,2025/03/01 21:00:00,4760.91,100.60,TRADE
VIC1,2025/03/01 21:05:00,4794.98,106.87,TRADE
VIC1,2025/03/01 21:10:00,4777.31,111.46,TRADE
VIC1,2025/03/01 21:15:00,4701.94,111.76,TRADE
VIC1,2025/03/01 21:20:00,4733.95,113.59,TRADE
VIC1,2025/03/01 21:25:00,4771.55,114.46,TRADE
VIC1,2025/03/01 21:30:00,4707,111.49,TRADE
VIC1,2025/03/01 21:35:00,4708.35,110.82,TRADE
VIC1,2025/03/01 21:40:00,4606.67,113.59,TRADE
VIC1,2025/03/01 21:45:00,4648.75,113.31,TRADE
VIC1,2025/03/01 21:50:00,4503.64,111.38,TRADE
VIC1,2025/03/01 21:55:00,4500.15,108.22,TRADE
VIC1,2025/03/01 22:00:00,4487.27,111.39,TRADE
VIC1,2025/03/01 22:05:00,4459.98,112.80,TRADE
VIC1,2025/03/01 22:10:00,4463.17,126.12,TRADE
VIC1,2025/03/01 22:15:00,4502.75,136.44,TRADE
VIC1,2025/03/01 22:20:00,4451.03,130.11,TRADE
VIC1,2025/03/01 22:25:00,4418.95,115.06,TRADE
VIC1,2025/03/01 22:30:00,4328.34,113.31,TRADE
VIC1,2025/03/01 22:35:00,4352.2,131.25,TRADE
VIC1,2025/03/01 22:40:00,4412.03,129.42,TRADE
VIC1,2025/03/01 22:45:00,4286.24,116.55,TRADE
VIC1,2025/03/01 22:50:00,4334.49,128.04,TRADE
VIC1,2025/03/01 22:55:00,4345.4,124.88,TRADE
VIC1,2025/03/01 23:00:00,4309.17,122.88,TRADE
VIC1,2025/03/01 23:05:00,4366.74,112.75,TRADE
VIC1,2025/03/01 23:10:00,4386.84,115.95,TRADE
VIC1,2025/03/01 23:15:00,4404.74,114.75,TRADE
VIC1,2025/03/01 23:20:00,4523.74,117.80,TRADE
VIC1,2025/03/01 23:25:00,4504.59,119.41,TRADE
VIC1,2025/03/01 23:30:00,4486.34,114.17,TRADE
VIC1,2025/03/01 23:35:00,4522.53,116.25,TRADE
VIC1,2025/03/01 23:40:00,4453.49,115.35,TRADE
VIC1,2025/03/01 23:45:00,4346.94,109.19,TRADE
VIC1,2025/03/01 23:50:00,4403.43,104.30,TRADE
VIC1,2025/03/01 23:55:00,4376.9,92.52,TRADE
VIC1,2025/03/02 00:00:00,4286.21,89.72,TRADE
VIC1,2025/03/02 00:05:00,4335.33,93.73,TRADE
VIC1,2025/03/02 00:10:00,4287.34,96.30,TRADE
VIC1,2025/03/02 00:15:00,4176.72,92.25,TRADE
VIC1,2025/03/02 00:20:00,4234.35,95.47,TRADE
VIC1,2025/03/02 00:25:00,4175.35,88.91,TRADE
VIC1,2025/03/02 00:30:00,4172.8,86.68,TRADE
VIC1,2025/03/02 00:35:00,4113.23,79,TRADE
VIC1,2025/03/02 00:40:00,3984.59,79,TRADE
VIC1,2025/03/02 00:45:00,3982.82,78.83,TRADE
VIC1,2025/03/02 00:50:00,4054.5,79,TRADE
VIC1,2025/03/02 00:55:00,3915.92,76.81,TRADE
VIC1,2025/03/02 01:00:00,4007.84,79,TRADE
VIC1,2025/03/02 01:05:00,3976.73,79,TRADE
VIC1,2025/03/02 01:10:00,3958.25,77.42,TRADE
VIC1,2025/03/02 01:15:00,3970.12,78.69,TRADE
VIC1,2025/03/02 01:20:00,3843.66,67.35,TRADE
VIC1,2025/03/02 01:25:00,3925.83,76.51,TRADE
VIC1,2025/03/02 01:30:00,3910.7,77.20,TRADE
VIC1,2025/03/02 01:35:00,3815.3,70.28,TRADE
VIC1,2025/03/02 01:40:00,3776.8,69.13,TRADE
VIC1,2025/03/02 01:45:00,3814.68,69.75,TRADE
VIC1,2025/03/02 01:50:00,3807.43,67.21,TRADE
VIC1,2025/03/02 01:55:00,3732.01,65.51,TRADE
VIC1,2025/03/02 02:00:00,3769.21,66.64,TRADE
VIC1,2025/03/02 02:05:00,3747.23,79,TRADE
VIC1,2025/03/02 02:10:00,3690.43,79,TRADE
VIC1,2025/03/02 02:15:00,3718.57,79,TRADE
VIC1,2025/03/02 02:20:00,3778.31,79,TRADE
VIC1,2025/03/02 02:25:00,3697.28,77.52,TRADE
VIC1,2025/03/02 02:30:00,3691.71,77.49,TRADE
VIC1,2025/03/02 02:35:00,3676.85,70.99,TRADE
VIC1,2025/03/02 02:40:00,3695.07,77.47,TRADE
VIC1,2025/03/02 02:45:00,3720.46,71.23,TRADE
VIC1,2025/03/02 02:50:00,3644.61,66.03,TRADE
VIC1,2025/03/02 02:55:00,3649.3,67.29,TRADE
VIC1,2025/03/02 03:00:00,3704.69,67.92,TRADE
VIC1,2025/03/02 03:05:00,3673.8,66.78,TRADE
VIC1,2025/03/02 03:10:00,3663.18,71.73,TRADE
VIC1,2025/03/02 03:15:00,3701.95,76.73,TRADE
VIC1,2025/03/02 03:20:00,3672.85,76.78,TRADE
VIC1,2025/03/02 03:25:00,3580.88,66.79,TRADE
VIC1,2025/03/02 03:30:00,3557.96,71.48,TRADE
VIC1,2025/03/02 03:35:00,3569.65,66.86,TRADE
VIC1,2025/03/02 03:40:00,3591.79,67.49,TRADE
VIC1,2025/03/02 03:45:00,3631.24,67.40,TRADE
VIC1,2025/03/02 03:50:00,3613.35,66.29,TRADE
VIC1,2025/03/02 03:55:00,3676.63,66.82,TRADE
VIC1,2025/03/02 04:00:00,3636.86,66.25,TRADE
VIC1,2025/03/02 04:05:00,3607.87,50.89,TRADE
VIC1,2025/03/02 04:10:00,3646.24,59,TRADE
VIC1,2025/03/02 04:15:00,3636.89,66.37,TRADE
VIC1,2025/03/02 04:20:00,3608.53,64.65,TRADE
VIC1,2025/03/02 04:25:00,3617.19,65.20,TRADE
VIC1,2025/03/02 04:30:00,3615.6,65.16,TRADE
VIC1,2025/03/02 04:35:00,3585.22,64.59,TRADE
VIC1,2025/03/02 04:40:00,3599.03,65.17,TRADE
VIC1,2025/03/02 04:45:00,3642.31,69.19,TRADE
VIC1,2025/03/02 04:50:00,3704.27,74.66,TRADE
VIC1,2025/03/02 04:55:00,3633.55,67.80,TRADE
VIC1,2025/03/02 05:00:00,3746.23,75.31,TRADE
VIC1,2025/03/02 05:05:00,3753.47,72.44,TRADE
VIC1,2025/03/02 05:10:00,3808.44,74.69,TRADE
VIC1,2025/03/02 05:15:00,3747.48,72.63,TRADE
VIC1,2025/03/02 05:20:00,3863.03,79,TRADE
VIC1,2025/03/02 05:25:00,3819.5,77.28,TRADE
VIC1,2025/03/02 05:30:00,3848.39,79,TRADE
VIC1,2025/03/02 05:35:00,3888.96,79,TRADE
VIC1,2025/03/02 05:40:00,3923.53,76.80,TRADE
VIC1,2025/03/02 05:45:00,3916.81,78.05,TRADE
VIC1,2025/03/02 05:50:00,3920.76,79,TRADE
VIC1,2025/03/02 05:55:00,3913.72,75.93,TRADE
VIC1,2025/03/02 06:00:00,3930.08,77.41,TRADE
VIC1,2025/03/02 06:05:00,3903.25,76.82,TRADE
VIC1,2025/03/02 06:10:00,3898.46,76.34,TRADE
VIC1,2025/03/02 06:15:00,3934.99,78.03,TRADE
VIC1,2025/03/02 06:20:00,3990.9,79,TRADE
VIC1,2025/03/02 06:25:00,4038.37,73.95,TRADE
VIC1,2025/03/02 06:30:00,4040.32,55.91,TRADE
VIC1,2025/03/02 06:35:00,3903.96,55.79,TRADE
VIC1,2025/03/02 06:40:00,3975.55,42.89,TRADE
VIC1,2025/03/02 06:45:00,3926.94,43.47,TRADE
VIC1,2025/03/02 06:50:00,3879.86,12,TRADE
VIC1,2025/03/02 06:55:00,3806.64,0,TRADE
VIC1,2025/03/02 07:00:00,3647.29,0,TRADE
VIC1,2025/03/02 07:05:00,3654.92,0,TRADE
VIC1,2025/03/02 07:10:00,3639.53,0,TRADE
VIC1,2025/03/02 07:15:00,3516.14,-13.71,TRADE
VIC1,2025/03/02 07:20:00,3567.33,8.95,TRADE
VIC1,2025/03/02 07:25:00,3734.01,8.95,TRADE
VIC1,2025/03/02 07:30:00,3636.01,6.55,TRADE
VIC1,2025/03/02 07:35:00,3700.86,33.89,TRADE
VIC1,2025/03/02 07:40:00,3662.53,9,TRADE
VIC1,2025/03/02 07:45:00,3693.98,19.09,TRADE
VIC1,2025/03/02 07:50:00,3725.92,52.21,TRADE
VIC1,2025/03/02 07:55:00,3641.46,33.89,TRADE
VIC1,2025/03/02 08:00:00,3647.03,51.45,TRADE
VIC1,2025/03/02 08:05:00,3642.37,27.59,TRADE
VIC1,2025/03/02 08:10:00,3715.48,45.89,TRADE
VIC1,2025/03/02 08:15:00,3859.9,33.59,TRADE
VIC1,2025/03/02 08:20:00,3821.78,9,TRADE
VIC1,2025/03/02 08:25:00,3769.86,9.89,TRADE
VIC1,2025/03/02 08:30:00,3855.33,-1.82,TRADE
VIC1,2025/03/02 08:35:00,3846.65,8.95,TRADE
VIC1,2025/03/02 08:40:00,3827.54,-1.80,TRADE
VIC1,2025/03/02 08:45:00,3800.17,-19.98,TRADE
VIC1,2025/03/02 08:50:00,3652.64,-19.51,TRADE
VIC1,2025/03/02 08:55:00,3726.31,-19.80,TRADE
VIC1,2025/03/02 09:00:00,3701.45,-20,TRADE
VIC1,2025/03/02 09:05:00,3598.47,33,TRADE
VIC1,2025/03/02 09:10:00,3587.02,33,TRADE
VIC1,2025/03/02 09:15:00,3624.89,33,TRADE
VIC1,2025/03/02 09:20:00,3560.09,31.21,TRADE
VIC1,2025/03/02 09:25:00,3616.43,8.95,TRADE
VIC1,2025/03/02 09:30:00,3620.35,32.02,TRADE
VIC1,2025/03/02 09:35:00,3385.98,6.35,TRADE
VIC1,2025/03/02 09:40:00,3455.03,12,TRADE
VIC1,2025/03/02 09:45:00,3432.7,32.12,TRADE
VIC1,2025/03/02 09:50:00,3503.45,12,TRADE
VIC1,2025/03/02 09:55:00,3526.7,0,TRADE
VIC1,2025/03/02 10:00:00,3476.07,-14.82,TRADE
VIC1,2025/03/02 10:05:00,3427.91,-13.57,TRADE
VIC1,2025/03/02 10:10:00,3519.9,0,TRADE
VIC1,2025/03/02 10:15:00,3557.98,-13.79,TRADE
VIC1,2025/03/02 10:20:00,3494.08,-14.82,TRADE
VIC1,2025/03/02 10:25:00,3541.23,-13.75,TRADE
VIC1,2025/03/02 10:30:00,3568.32,-28.76,TRADE
VIC1,2025/03/02 10:35:00,3678.72,-14.24,TRADE
VIC1,2025/03/02 10:40:00,3697.53,-28.76,TRADE
VIC1,2025/03/02 10:45:00,3621.53,-29.14,TRADE
VIC1,2025/03/02 10:50:00,3581.76,-20.19,TRADE
VIC1,2025/03/02 10:55:00,3620.96,-27.25,TRADE
VIC1,2025/03/02 11:00:00,3634.08,-27.25,TRADE
VIC1,2025/03/02 11:05:00,3722.91,-11.78,TRADE
VIC1,2025/03/02 11:10:00,3321.91,-6.44,TRADE
VIC1,2025/03/02 11:15:00,3305.78,-8.81,TRADE
VIC1,2025/03/02 11:20:00,3334.1,5.60,TRADE
VIC1,2025/03/02 11:25:00,3258.61,-13.50,TRADE
VIC1,2025/03/02 11:30:00,3189.42,-21,TRADE
VIC1,2025/03/02 11:35:00,3211.23,-13.40,TRADE
VIC1,2025/03/02 11:40:00,3139.87,-19.23,TRADE
VIC1,2025/03/02 11:45:00,3042.43,-25,TRADE
VIC1,2025/03/02 11:50:00,3072.22,-20.19,TRADE
VIC1,2025/03/02 11:55:00,3163.38,-24.47,TRADE
VIC1,2025/03/02 12:00:00,3170.7,-24.42,TRADE
VIC1,2025/03/02 12:05:00,3201.21,-21,TRADE
VIC1,2025/03/02 12:10:00,3218.11,-24.71,TRADE
VIC1,2025/03/02 12:15:00,3218.42,-20.19,TRADE
VIC1,2025/03/02 12:20:00,3151.33,-16.90,TRADE
VIC1,2025/03/02 12:25:00,3137.9,-21,TRADE
VIC1,2025/03/02 12:30:00,3160.02,-24.50,TRADE
VIC1,2025/03/02 12:35:00,3111.63,-12.18,TRADE
VIC1,2025/03/02 12:40:00,3030.36,-34.78,TRADE
VIC1,2025/03/02 12:45:00,2911.22,-29.14,TRADE
VIC1,2025/03/02 12:50:00,2789.13,-29.14,TRADE
VIC1,2025/03/02 12:55:00,2679.09,-27.80,TRADE
VIC1,2025/03/02 13:00:00,2816.62,-29.14,TRADE
VIC1,2025/03/02 13:05:00,2710.97,-21,TRADE
VIC1,2025/03/02 13:10:00,2890.72,-25.52,TRADE
VIC1,2025/03/02 13:15:00,3066.06,-28.76,TRADE
VIC1,2025/03/02 13:20:00,3130.99,-25.52,TRADE
VIC1,2025/03/02 13:25:00,3161.65,-29.14,TRADE
VIC1,2025/03/02 13:30:00,3257.63,-29.14,TRADE
VIC1,2025/03/02 13:35:00,3341.66,-29.14,TRADE
VIC1,2025/03/02 13:40:00,3302.93,-29.20,TRADE
VIC1,2025/03/02 13:45:00,3268.7,-31.50,TRADE
VIC1,2025/03/02 13:50:00,3335.11,-29.14,TRADE
VIC1,2025/03/02 13:55:00,3335.2,-23.56,TRADE
VIC1,2025/03/02 14:00:00,3199.65,-28.76,TRADE
VIC1,2025/03/02 14:05:00,3314.33,-34.78,TRADE
VIC1,2025/03/02 14:10:00,3393.62,-23.87,TRADE
VIC1,2025/03/02 14:15:00,3328.41,-23.07,TRADE
VIC1,2025/03/02 14:20:00,3369.21,-17.50,TRADE
VIC1,2025/03/02 14:25:00,3259.11,-34.78,TRADE
VIC1,2025/03/02 14:30:00,3253.18,-34.78,TRADE
VIC1,2025/03/02 14:35:00,3341.9,-29.14,TRADE
VIC1,2025/03/02 14:40:00,3260.67,-33.88,TRADE
VIC1,2025/03/02 14:45:00,3243.68,-31.50,TRADE
VIC1,2025/03/02 14:50:00,3296.74,-33.86,TRADE
VIC1,2025/03/02 14:55:00,3335.51,-26.64,TRADE
VIC1,2025/03/02 15:00:00,3318.29,-45.05,TRADE
VIC1,2025/03/02 15:05:00,3276.74,-44.10,TRADE
VIC1,2025/03/02 15:10:00,3339.23,-66.31,TRADE
VIC1,2025/03/02 15:15:00,3433.11,-49.93,TRADE
VIC1,2025/03/02 15:20:00,3365.89,-66.31,TRADE
VIC1,2025/03/02 15:25:00,3358.3,-62.95,TRADE
VIC1,2025/03/02 15:30:00,3348.03,-50.08,TRADE
VIC1,2025/03/02 15:35:00,3534.77,-37.66,TRADE
VIC1,2025/03/02 15:40:00,3385.64,-44.10,TRADE
VIC1,2025/03/02 15:45:00,3452.21,-50.08,TRADE
VIC1,2025/03/02 15:50:00,3407.72,-59.47,TRADE
VIC1,2025/03/02 15:55:00,3639.9,-45.05,TRADE
VIC1,2025/03/02 16:00:00,3777.65,-44.10,TRADE
VIC1,2025/03/02 16:05:00,3974.59,-49.59,TRADE
VIC1,2025/03/02 16:10:00,3842.07,-59.47,TRADE
VIC1,2025/03/02 16:15:00,3889.24,-50.08,TRADE
VIC1,2025/03/02 16:20:00,3954.37,-50.08,TRADE
VIC1,2025/03/02 16:25:00,4058.81,-49.61,TRADE
VIC1,2025/03/02 16:30:00,4167.35,-45.05,TRADE
VIC1,2025/03/02 16:35:00,4214.81,-37.39,TRADE
VIC1,2025/03/02 16:40:00,4144.42,-28.76,TRADE
VIC1,2025/03/02 16:45:00,3971.62,-29.14,TRADE
VIC1,2025/03/02 16:50:00,4012.97,-19.99,TRADE
VIC1,2025/03/02 16:55:00,4071.58,4.50,TRADE
VIC1,2025/03/02 17:00:00,4008.12,-31.50,TRADE
VIC1,2025/03/02 17:05:00,4053.31,-31.50,TRADE
VIC1,2025/03/02 17:10:00,4096.05,-20.19,TRADE
VIC1,2025/03/02 17:15:00,4211.48,-29.14,TRADE
VIC1,2025/03/02 17:20:00,4369.78,-29.14,TRADE
VIC1,2025/03/02 17:25:00,4436.19,-29.14,TRADE
VIC1,2025/03/02 17:30:00,4517.07,-29.14,TRADE
VIC1,2025/03/02 17:35:00,4610.12,-29,TRADE
VIC1,2025/03/02 17:40:00,4682.72,-26.97,TRADE
VIC1,2025/03/02 17:45:00,4750.79,-21.48,TRADE
VIC1,2025/03/02 17:50:00,4961.32,-19.49,TRADE
VIC1,2025/03/02 17:55:00,4939.83,62.01,TRADE
VIC1,2025/03/02 18:00:00,4988.12,9,TRADE
VIC1,2025/03/02 18:05:00,5060.33,9,TRADE
VIC1,2025/03/02 18:10:00,5098.27,8.95,TRADE
VIC1,2025/03/02 18:15:00,5101.09,81.85,TRADE
VIC1,2025/03/02 18:20:00,5132.58,68.60,TRADE
VIC1,2025/03/02 18:25:00,5172.66,73.80,TRADE
VIC1,2025/03/02 18:30:00,5141.43,73.80,TRADE
VIC1,2025/03/02 18:35:00,5055.3,55.79,TRADE
VIC1,2025/03/02 18:40:00,5138.76,66.84,TRADE
VIC1,2025/03/02 18:45:00,5244.11,68.48,TRADE
VIC1,2025/03/02 18:50:00,5185.57,55.79,TRADE
VIC1,2025/03/02 18:55:00,5211.2,73.37,TRADE
VIC1,2025/03/02 19:00:00,5203.05,52.62,TRADE
VIC1,2025/03/02 19:05:00,5216.61,63.11,TRADE
VIC1,2025/03/02 19:10:00,5192.88,55.79,TRADE
VIC1,2025/03/02 19:15:00,5213.78,55.79,TRADE
VIC1,2025/03/02 19:20:00,5129.13,50.28,TRADE
VIC1,2025/03/02 19:25:00,5120.07,55.79,TRADE
VIC1,2025/03/02 19:30:00,5184.46,55.79,TRADE
VIC1,2025/03/02 19:35:00,5208.29,55.79,TRADE
VIC1,2025/03/02 19:40:00,5154.28,50.76,TRADE
VIC1,2025/03/02 19:45:00,5133.58,51.60,TRADE
VIC1,2025/03/02 19:50:00,5108.4,50.40,TRADE
VIC1,2025/03/02 19:55:00,5144.53,44.36,TRADE
VIC1,2025/03/02 20:00:00,5146.31,49.89,TRADE
VIC1,2025/03/02 20:05:00,5080.09,49.89,TRADE
VIC1,2025/03/02 20:10:00,5052.85,49.83,TRADE
VIC1,2025/03/02 20:15:00,5019.96,47.48,TRADE
VIC1,2025/03/02 20:20:00,5139.76,49.11,TRADE
VIC1,2025/03/02 20:25:00,5066.75,48.73,TRADE
VIC1,2025/03/02 20:30:00,5033.59,49.16,TRADE
VIC1,2025/03/02 20:35:00,5027.17,48.63,TRADE
VIC1,2025/03/02 20:40:00,4953.32,48.40,TRADE
VIC1,2025/03/02 20:45:00,4934.41,43.91,TRADE
VIC1,2025/03/02 20:50:00,4815.71,41.95,TRADE
VIC1,2025/03/02 20:55:00,4801.91,41.90,TRADE
VIC1,2025/03/02 21:00:00,4794.04,42.77,TRADE
VIC1,2025/03/02 21:05:00,4832.2,42.26,TRADE
VIC1,2025/03/02 21:10:00,4792.3,47.05,TRADE
VIC1,2025/03/02 21:15:00,4816.57,46.49,TRADE
VIC1,2025/03/02 21:20:00,4822.62,46.94,TRADE
VIC1,2025/03/02 21:25:00,4801.71,47.01,TRADE
VIC1,2025/03/02 21:30:00,4672.19,33.19,TRADE
VIC1,2025/03/02 21:35:00,4674.38,41.80,TRADE
VIC1,2025/03/02 21:40:00,4664.6,41.67,TRADE
VIC1,2025/03/02 21:45:00,4703.28,34,TRADE
VIC1,2025/03/02 21:50:00,4618.69,34.18,TRADE
VIC1,2025/03/02 21:55:00,4648.88,41.11,TRADE
VIC1,2025/03/02 22:00:00,4553.61,21.08,TRADE
VIC1,2025/03/02 22:05:00,4601.09,35.95,TRADE
VIC1,2025/03/02 22:10:00,4645.59,42.24,TRADE
VIC1,2025/03/02 22:15:00,4603.48,49.69,TRADE
VIC1,2025/03/02 22:20:00,4603.4,35.95,TRADE
VIC1,2025/03/02 22:25:00,4616.45,35.95,TRADE
VIC1,2025/03/02 22:30:00,4504.02,29.54,TRADE
VIC1,2025/03/02 22:35:00,4493.26,33.25,TRADE
VIC1,2025/03/02 22:40:00,4489.3,29.55,TRADE
VIC1,2025/03/02 22:45:00,4464.82,29.30,TRADE
VIC1,2025/03/02 22:50:00,4405.65,28.73,TRADE
VIC1,2025/03/02 22:55:00,4489.28,27.84,TRADE
VIC1,2025/03/02 23:00:00,4462.08,29.04,TRADE
VIC1,2025/03/02 23:05:00,4499.17,31.39,TRADE
VIC1,2025/03/02 23:10:00,4635.16,35.95,TRADE
VIC1,2025/03/02 23:15:00,4591.11,34.21,TRADE
VIC1,2025/03/02 23:20:00,4591.41,35.95,TRADE
VIC1,2025/03/02 23:25:00,4606.39,29.26,TRADE
VIC1,2025/03/02 23:30:00,4583.56,29.41,TRADE
VIC1,2025/03/02 23:35:00,4571.34,19.19,TRADE
VIC1,2025/03/02 23:40:00,4498.38,19.19,TRADE
VIC1,2025/03/02 23:45:00,4430.4,14.37,TRADE
VIC1,2025/03/02 23:50:00,4340.48,12,TRADE
VIC1,2025/03/02 23:55:00,4280.13,12.30,TRADE
VIC1,2025/03/03 00:00:00,4321.81,14.01,TRADE
VIC1,2025/03/03 00:05:00,4328.26,19.19,TRADE
VIC1,2025/03/03 00:10:00,4305.92,15.56,TRADE
VIC1,2025/03/03 00:15:00,4226.76,12,TRADE
VIC1,2025/03/03 00:20:00,4043.05,8.95,TRADE
VIC1,2025/03/03 00:25:00,4031.53,9,TRADE
VIC1,2025/03/03 00:30:00,4015.72,9,TRADE
VIC1,2025/03/03 00:35:00,3965.99,9,TRADE
VIC1,2025/03/03 00:40:00,3934.04,9,TRADE
VIC1,2025/03/03 00:45:00,3990.94,16.47,TRADE
VIC1,2025/03/03 00:50:00,3988.09,9,TRADE
VIC1,2025/03/03 00:55:00,3955.31,9,TRADE
VIC1,2025/03/03 01:00:00,3952,9,TRADE
VIC1,2025/03/03 01:05:00,3970.6,9,TRADE
VIC1,2025/03/03 01:10:00,3953.92,9,TRADE
VIC1,2025/03/03 01:15:00,3841.17,8.73,TRADE
VIC1,2025/03/03 01:20:00,3828.65,8.95,TRADE
VIC1,2025/03/03 01:25:00,3852.41,8.95,TRADE
VIC1,2025/03/03 01:30:00,3813.27,8.95,TRADE
VIC1,2025/03/03 01:35:00,3801.63,8.95,TRADE
VIC1,2025/03/03 01:40:00,3831.36,8.95,TRADE
VIC1,2025/03/03 01:45:00,3715.6,8.01,TRADE
VIC1,2025/03/03 01:50:00,3779.56,8.95,TRADE
VIC1,2025/03/03 01:55:00,3773.85,8.95,TRADE
VIC1,2025/03/03 02:00:00,3762.14,8.95,TRADE
VIC1,2025/03/03 02:05:00,3687.31,8.95,TRADE
VIC1,2025/03/03 02:10:00,3667.02,8.95,TRADE
VIC1,2025/03/03 02:15:00,3737.67,8.95,TRADE
VIC1,2025/03/03 02:20:00,3730.29,8.95,TRADE
VIC1,2025/03/03 02:25:00,3714.52,8.95,TRADE
VIC1,2025/03/03 02:30:00,3679.26,8.95,TRADE
VIC1,2025/03/03 02:35:00,3646.42,8.95,TRADE
VIC1,2025/03/03 02:40:00,3649.79,8.95,TRADE
VIC1,2025/03/03 02:45:00,3574.77,-0.95,TRADE
VIC1,2025/03/03 02:50:00,3570.26,7.95,TRADE
VIC1,2025/03/03 02:55:00,3636.15,8.95,TRADE
VIC1,2025/03/03 03:00:00,3663.68,8.95,TRADE
VIC1,2025/03/03 03:05:00,3657.01,8.95,TRADE
VIC1,2025/03/03 03:10:00,3703.21,8.95,TRADE
VIC1,2025/03/03 03:15:00,3683.27,8.95,TRADE
VIC1,2025/03/03 03:20:00,3666.11,8.95,TRADE
VIC1,2025/03/03 03:25:00,3594.73,8.95,TRADE
VIC1,2025/03/03 03:30:00,3584.12,8.95,TRADE
VIC1,2025/03/03 03:35:00,3668.7,9,TRADE
VIC1,2025/03/03 03:40:00,3696.27,9,TRADE
VIC1,2025/03/03 03:45:00,3593.31,5.50,TRADE
VIC1,2025/03/03 03:50:00,3675.86,8.95,TRADE
VIC1,2025/03/03 03:55:00,3696.54,9,TRADE
VIC1,2025/03/03 04:00:00,3608.79,8.95,TRADE
VIC1,2025/03/03 04:05:00,3711.81,9,TRADE
VIC1,2025/03/03 04:10:00,3817.19,9,TRADE
VIC1,2025/03/03 04:15:00,3777.44,9,TRADE
VIC1,2025/03/03 04:20:00,3795.54,9,TRADE
VIC1,2025/03/03 04:25:00,3853.36,9.05,TRADE
VIC1,2025/03/03 04:30:00,3829.74,9,TRADE
VIC1,2025/03/03 04:35:00,3835.33,9.01,TRADE
VIC1,2025/03/03 04:40:00,3934.12,9.99,TRADE
VIC1,2025/03/03 04:45:00,3956.15,12,TRADE
VIC1,2025/03/03 04:50:00,3939.39,10.99,TRADE
VIC1,2025/03/03 04:55:00,3955.39,10.89,TRADE
VIC1,2025/03/03 05:00:00,4040.78,19.19,TRADE
VIC1,2025/03/03 05:05:00,4124.23,22.26,TRADE
VIC1,2025/03/03 05:10:00,4249.09,37.18,TRADE
VIC1,2025/03/03 05:15:00,4401.31,63.13,TRADE
VIC1,2025/03/03 05:20:00,4532.98,66.97,TRADE
VIC1,2025/03/03 05:25:00,4588.15,67.37,TRADE
VIC1,2025/03/03 05:30:00,4628.6,67.82,TRADE
VIC1,2025/03/03 05:35:00,4694.7,66,TRADE
VIC1,2025/03/03 05:40:00,4811.75,73.80,TRADE
VIC1,2025/03/03 05:45:00,4891.14,74.62,TRADE
VIC1,2025/03/03 05:50:00,4858.34,82.69,TRADE
VIC1,2025/03/03 05:55:00,4913.93,83.54,TRADE
VIC1,2025/03/03 06:00:00,4972.02,84.40,TRADE
VIC1,2025/03/03 06:05:00,5024.44,85.53,TRADE
VIC1,2025/03/03 06:10:00,5192.82,139.25,TRADE
VIC1,2025/03/03 06:15:00,5234.85,139.08,TRADE
VIC1,2025/03/03 06:20:00,5352.15,125.50,TRADE
VIC1,2025/03/03 06:25:00,5292.94,108.49,TRADE
VIC1,2025/03/03 06:30:00,5274.28,76.77,TRADE
VIC1,2025/03/03 06:35:00,5322.41,83.39,TRADE
VIC1,2025/03/03 06:40:00,5199.88,73.96,TRADE
VIC1,2025/03/03 06:45:00,5152.56,75.74,TRADE
VIC1,2025/03/03 06:50:00,5065.56,80.19,TRADE
VIC1,2025/03/03 06:55:00,5007.4,76.65,TRADE
VIC1,2025/03/03 07:00:00,4971.86,80.69,TRADE
VIC1,2025/03/03 07:05:00,4886.16,61.88,TRADE
VIC1,2025/03/03 07:10:00,4886.4,61.87,TRADE
VIC1,2025/03/03 07:15:00,4895.56,56.81,TRADE
VIC1,2025/03/03 07:20:00,4882.78,58.63,TRADE
VIC1,2025/03/03 07:25:00,4807.88,45.15,TRADE
VIC1,2025/03/03 07:30:00,4690.13,36.89,TRADE
VIC1,2025/03/03 07:35:00,4609.19,44.26,TRADE
VIC1,2025/03/03 07:40:00,4615.23,75.07,TRADE
VIC1,2025/03/03 07:45:00,4444.84,55.61,TRADE
VIC1,2025/03/03 07:50:00,4423.67,53.74,TRADE
VIC1,2025/03/03 07:55:00,4372.86,53.45,TRADE
VIC1,2025/03/03 08:00:00,4464.59,42.45,TRADE
VIC1,2025/03/03 08:05:00,4344.79,49.85,TRADE
VIC1,2025/03/03 08:10:00,4313.32,50.94,TRADE
VIC1,2025/03/03 08:15:00,4293.63,35.64,TRADE
VIC1,2025/03/03 08:20:00,4164.6,16.08,TRADE
VIC1,2025/03/03 08:25:00,4165.56,26.97,TRADE
VIC1,2025/03/03 08:30:00,4029.12,-28.76,TRADE
VIC1,2025/03/03 08:35:00,4083.1,-19.99,TRADE
VIC1,2025/03/03 08:40:00,4010.55,-66.31,TRADE
VIC1,2025/03/03 08:45:00,4071.1,-50.22,TRADE
VIC1,2025/03/03 08:50:00,3961.91,-44.80,TRADE
VIC1,2025/03/03 08:55:00,3987.13,-44.80,TRADE
VIC1,2025/03/03 09:00:00,3787.4,-39.65,TRADE
VIC1,2025/03/03 09:05:00,3861.57,-19.99,TRADE
VIC1,2025/03/03 09:10:00,3795.03,-20.19,TRADE
VIC1,2025/03/03 09:15:00,3690.31,-44.10,TRADE
VIC1,2025/03/03 09:20:00,3639.34,-23.46,TRADE
VIC1,2025/03/03 09:25:00,3553.44,-20.19,TRADE
VIC1,2025/03/03 09:30:00,3499.92,-27.25,TRADE
VIC1,2025/03/03 09:35:00,3561.9,-31.50,TRADE
VIC1,2025/03/03 09:40:00,3477.95,-27.25,TRADE
VIC1,2025/03/03 09:45:00,3380.37,-31.50,TRADE
VIC1,2025/03/03 09:50:00,3397.94,-59.47,TRADE
VIC1,2025/03/03 09:55:00,3438.71,-31.50,TRADE
VIC1,2025/03/03 10:00:00,3387.43,-50.08,TRADE
VIC1,2025/03/03 10:05:00,3256.67,-66.31,TRADE
VIC1,2025/03/03 10:10:00,3272.65,-65.09,TRADE
VIC1,2025/03/03 10:15:00,3165.45,-62.95,TRADE
VIC1,2025/03/03 10:20:00,3162,4.50,TRADE
VIC1,2025/03/03 10:25:00,3155.56,-29.14,TRADE
VIC1,2025/03/03 10:30:00,2984.13,-66.31,TRADE
VIC1,2025/03/03 10:35:00,3095.18,-50.08,TRADE
VIC1,2025/03/03 10:40:00,3021.67,-59.47,TRADE
VIC1,2025/03/03 10:45:00,3022.97,-44.80,TRADE
VIC1,2025/03/03 10:50:00,2916.91,-50.08,TRADE
VIC1,2025/03/03 10:55:00,2881.56,-45.05,TRADE
VIC1,2025/03/03 11:00:00,2818.78,-66.31,TRADE
VIC1,2025/03/03 11:05:00,2914.17,-66.31,TRADE
VIC1,2025/03/03 11:10:00,2840.6,-45.05,TRADE
VIC1,2025/03/03 11:15:00,2687.97,-66.31,TRADE
VIC1,2025/03/03 11:20:00,2834.89,-66.31,TRADE
VIC1,2025/03/03 11:25:00,2758.56,-50.08,TRADE
VIC1,2025/03/03 11:30:00,2714.62,-66.31,TRADE
VIC1,2025/03/03 11:35:00,2662.76,-66.31,TRADE
VIC1,2025/03/03 11:40:00,2678.12,-66.31,TRADE
VIC1,2025/03/03 11:45:00,2683.28,-61.37,TRADE
VIC1,2025/03/03 11:50:00,2652.88,-59.47,TRADE
VIC1,2025/03/03 11:55:00,2688.35,-59.47,TRADE
VIC1,2025/03/03 12:00:00,2565.7,-34.93,TRADE
VIC1,2025/03/03 12:05:00,2658.06,-34.67,TRADE
VIC1,2025/03/03 12:10:00,2575.73,-66.31,TRADE
VIC1,2025/03/03 12:15:00,2600.55,-45.05,TRADE
VIC1,2025/03/03 12:20:00,2542.96,-66.31,TRADE
VIC1,2025/03/03 12:25:00,2494.28,-50.08,TRADE
VIC1,2025/03/03 12:30:00,2458.03,-66.31,TRADE
VIC1,2025/03/03 12:35:00,2559.08,-66.31,TRADE
VIC1,2025/03/03 12:40:00,2603.85,-62.95,TRADE
VIC1,2025/03/03 12:45:00,2469.25,-66.31,TRADE
VIC1,2025/03/03 12:50:00,2569.82,-66.31,TRADE
VIC1,2025/03/03 12:55:00,2594.49,-66.31,TRADE
VIC1,2025/03/03 13:00:00,2614.39,-66.31,TRADE
VIC1,2025/03/03 13:05:00,2553.19,-96.53,TRADE
VIC1,2025/03/03 13:10:00,2570.62,-66.31,TRADE
VIC1,2025/03/03 13:15:00,2632.83,-103.45,TRADE
VIC1,2025/03/03 13:20:00,2844.85,-66.31,TRADE
VIC1,2025/03/03 13:25:00,2942.76,-38.47,TRADE
VIC1,2025/03/03 13:30:00,3016.06,-29.14,TRADE
VIC1,2025/03/03 13:35:00,2944.38,-66.31,TRADE
VIC1,2025/03/03 13:40:00,3027.71,-91.18,TRADE
VIC1,2025/03/03 13:45:00,3033,-103.13,TRADE
VIC1,2025/03/03 13:50:00,3000.06,-66.31,TRADE
VIC1,2025/03/03 13:55:00,2969.44,-66.31,TRADE
VIC1,2025/03/03 14:00:00,2999.6,-66.31,TRADE
VIC1,2025/03/03 14:05:00,3040.86,-58.11,TRADE
VIC1,2025/03/03 14:10:00,2728.2,-28.76,TRADE
VIC1,2025/03/03 14:15:00,2486.75,-66.31,TRADE
VIC1,2025/03/03 14:20:00,2654.78,-59.47,TRADE
VIC1,2025/03/03 14:25:00,2686.89,-34.67,TRADE
VIC1,2025/03/03 14:30:00,2721.11,-29.14,TRADE
VIC1,2025/03/03 14:35:00,2687.53,-34.93,TRADE
VIC1,2025/03/03 14:40:00,2693.94,-62.95,TRADE
VIC1,2025/03/03 14:45:00,2751.07,-34.93,TRADE
VIC1,2025/03/03 14:50:00,2793.86,-44.10,TRADE
VIC1,2025/03/03 14:55:00,2956.73,-27.25,TRADE
VIC1,2025/03/03 15:00:00,2892.85,-45.05,TRADE
VIC1,2025/03/03 15:05:00,3037.63,-34.76,TRADE
VIC1,2025/03/03 15:10:00,3054.68,-66.31,TRADE
VIC1,2025/03/03 15:15:00,3197.34,-29.14,TRADE
VIC1,2025/03/03 15:20:00,3152.51,-59.47,TRADE
VIC1,2025/03/03 15:25:00,3203.63,-109.20,TRADE
VIC1,2025/03/03 15:30:00,3220.32,-169.94,TRADE
VIC1,2025/03/03 15:35:00,3319.48,-85.10,TRADE
VIC1,2025/03/03 15:40:00,3490.71,-62.67,TRADE
VIC1,2025/03/03 15:45:00,3469.97,-66.31,TRADE
VIC1,2025/03/03 15:50:00,3521.48,-66.31,TRADE
VIC1,2025/03/03 15:55:00,3682.06,-66.31,TRADE
VIC1,2025/03/03 16:00:00,3785.3,-66.30,TRADE
VIC1,2025/03/03 16:05:00,3846.3,-66.31,TRADE
VIC1,2025/03/03 16:10:00,3925.88,-62.67,TRADE
VIC1,2025/03/03 16:15:00,3850.17,-59.99,TRADE
VIC1,2025/03/03 16:20:00,3907.34,-45.05,TRADE
VIC1,2025/03/03 16:25:00,4005.62,-28.76,TRADE
VIC1,2025/03/03 16:30:00,4038.86,-23.46,TRADE
VIC1,2025/03/03 16:35:00,4203.73,-28.76,TRADE
VIC1,2025/03/03 16:40:00,4307.47,-24.59,TRADE
VIC1,2025/03/03 16:45:00,4356.31,-26.09,TRADE
VIC1,2025/03/03 16:50:00,4525.69,-21,TRADE
VIC1,2025/03/03 16:55:00,4562.03,-19.73,TRADE
VIC1,2025/03/03 17:00:00,4693.93,-8.65,TRADE
VIC1,2025/03/03 17:05:00,4701.9,-19.99,TRADE
VIC1,2025/03/03 17:10:00,4751.31,-13.53,TRADE
VIC1,2025/03/03 17:15:00,4956.19,12,TRADE
VIC1,2025/03/03 17:20:00,5077.82,12,TRADE
VIC1,2025/03/03 17:25:00,5045.65,12,TRADE
VIC1,2025/03/03 17:30:00,5183.81,8.95,TRADE
VIC1,2025/03/03 17:35:00,5179.55,-19,TRADE
VIC1,2025/03/03 17:40:00,5095.68,-8.10,TRADE
VIC1,2025/03/03 17:45:00,5241.12,8.95,TRADE
VIC1,2025/03/03 17:50:00,5287.93,15.82,TRADE
VIC1,2025/03/03 17:55:00,5485.13,149.55,TRADE
VIC1,2025/03/03 18:00:00,5466.66,143.82,TRADE
VIC1,2025/03/03 18:05:00,5440.7,130.34,TRADE
VIC1,2025/03/03 18:10:00,5543.49,130.26,TRADE
VIC1,2025/03/03 18:15:00,5614.63,95.75,TRADE
VIC1,2025/03/03 18:20:00,5709.66,126.09,TRADE
VIC1,2025/03/03 18:25:00,5702.52,103.67,TRADE
VIC1,2025/03/03 18:30:00,5659.94,104.40,TRADE
VIC1,2025/03/03 18:35:00,5799.27,81.85,TRADE
VIC1,2025/03/03 18:40:00,5863.43,128.63,TRADE
VIC1,2025/03/03 18:45:00,5753.49,102.66,TRADE
VIC1,2025/03/03 18:50:00,5676.46,102.50,TRADE
VIC1,2025/03/03 18:55:00,5795.68,93.13,TRADE
VIC1,2025/03/03 19:00:00,5753.25,104.34,TRADE
VIC1,2025/03/03 19:05:00,5725.47,104.38,TRADE
VIC1,2025/03/03 19:10:00,5602.24,100.60,TRADE
VIC1,2025/03/03 19:15:00,5686.02,97.39,TRADE
VIC1,2025/03/03 19:20:00,5695.36,103.89,TRADE
VIC1,2025/03/03 19:25:00,5701.02,105.89,TRADE
VIC1,2025/03/03 19:30:00,5644.15,102.79,TRADE
VIC1,2025/03/03 19:35:00,5677.05,105.77,TRADE
VIC1,2025/03/03 19:40:00,5661.67,116.85,TRADE
VIC1,2025/03/03 19:45:00,5628.96,94.55,TRADE
VIC1,2025/03/03 19:50:00,5483.39,103.81,TRADE
VIC1,2025/03/03 19:55:00,5472.07,81.85,TRADE
VIC1,2025/03/03 20:00:00,5579.74,89.49,TRADE
VIC1,2025/03/03 20:05:00,5504.68,106.84,TRADE
VIC1,2025/03/03 20:10:00,5505.45,88.47,TRADE
VIC1,2025/03/03 20:15:00,5465.26,93.71,TRADE
VIC1,2025/03/03 20:20:00,5452.54,78.37,TRADE
VIC1,2025/03/03 20:25:00,5479.92,83.33,TRADE
VIC1,2025/03/03 20:30:00,5429.38,73.99,TRADE
VIC1,2025/03/03 20:35:00,5434.92,73.89,TRADE
VIC1,2025/03/03 20:40:00,5354.47,70.86,TRADE
VIC1,2025/03/03 20:45:00,5378.19,72.48,TRADE
VIC1,2025/03/03 20:50:00,5324.35,69.28,TRADE
VIC1,2025/03/03 20:55:00,5248.8,68.21,TRADE
VIC1,2025/03/03 21:00:00,5179.87,67.79,TRADE
VIC1,2025/03/03 21:05:00,5210.87,68.24,TRADE
VIC1,2025/03/03 21:10:00,5173.18,68.92,TRADE
VIC1,2025/03/03 21:15:00,5120.35,68.09,TRADE
VIC1,2025/03/03 21:20:00,5096.06,63.62,TRADE
VIC1,2025/03/03 21:25:00,5110.54,64.15,TRADE
VIC1,2025/03/03 21:30:00,5045.92,63.59,TRADE
VIC1,2025/03/03 21:35:00,4986.38,68.55,TRADE
VIC1,2025/03/03 21:40:00,4967.67,66.20,TRADE
VIC1,2025/03/03 21:45:00,4970.63,62.23,TRADE
VIC1,2025/03/03 21:50:00,4960.83,46.48,TRADE
VIC1,2025/03/03 21:55:00,4867.01,50.55,TRADE
VIC1,2025/03/03 22:00:00,4801.69,50.43,TRADE
VIC1,2025/03/03 22:05:00,4730.4,63.96,TRADE
VIC1,2025/03/03 22:10:00,4757.42,67.73,TRADE
VIC1,2025/03/03 22:15:00,4671.39,35.95,TRADE
VIC1,2025/03/03 22:20:00,4536.04,18.25,TRADE
VIC1,2025/03/03 22:25:00,4459.79,35.95,TRADE
VIC1,2025/03/03 22:30:00,4450.17,26.54,TRADE
VIC1,2025/03/03 22:35:00,4506.32,35.95,TRADE
VIC1,2025/03/03 22:40:00,4593.28,35.95,TRADE
VIC1,2025/03/03 22:45:00,4424.37,12,TRADE
VIC1,2025/03/03 22:50:00,4375.61,21.89,TRADE
VIC1,2025/03/03 22:55:00,4326.88,29.26,TRADE
VIC1,2025/03/03 23:00:00,4441.77,71.46,TRADE
VIC1,2025/03/03 23:05:00,4451.71,35.95,TRADE
VIC1,2025/03/03 23:10:00,4598.1,71.35,TRADE
VIC1,2025/03/03 23:15:00,4668.48,68.81,TRADE
VIC1,2025/03/03 23:20:00,4768.84,67.51,TRADE
VIC1,2025/03/03 23:25:00,4760.72,68.35,TRADE
VIC1,2025/03/03 23:30:00,4690.94,41.58,TRADE
VIC1,2025/03/03 23:35:00,4700,68.52,TRADE
VIC1,2025/03/03 23:40:00,4713.21,69.09,TRADE
VIC1,2025/03/03 23:45:00,4684.1,67.62,TRADE
VIC1,2025/03/03 23:50:00,4672.67,67.21,TRADE
VIC1,2025/03/03 23:55:00,4513.99,12,TRADE
VIC1,2025/03/04 00:00:00,4427.03,20.45,TRADE
VIC1,2025/03/04 00:05:00,4416.01,19.19,TRADE
VIC1,2025/03/04 00:10:00,4310.24,16.77,TRADE
VIC1,2025/03/04 00:15:00,4196.01,12,TRADE
VIC1,2025/03/04 00:20:00,4152.65,16.45,TRADE
VIC1,2025/03/04 00:25:00,4143.09,16.85,TRADE
VIC1,2025/03/04 00:30:00,4159.02,16.77,TRADE
VIC1,2025/03/04 00:35:00,4135.9,16.94,TRADE
VIC1,2025/03/04 00:40:00,4146.21,13.62,TRADE
VIC1,2025/03/04 00:45:00,4008.17,9,TRADE
VIC1,2025/03/04 00:50:00,4026.55,14.54,TRADE
VIC1,2025/03/04 00:55:00,3998.97,16,TRADE
VIC1,2025/03/04 01:00:00,3975.47,16,TRADE
VIC1,2025/03/04 01:05:00,4054.69,19.19,TRADE
VIC1,2025/03/04 01:10:00,4084.49,23.50,TRADE
VIC1,2025/03/04 01:15:00,4096.13,19.19,TRADE
VIC1,2025/03/04 01:20:00,4090.12,28.45,TRADE
VIC1,2025/03/04 01:25:00,4145.36,19.19,TRADE
VIC1,2025/03/04 01:30:00,4124.94,19.19,TRADE
VIC1,2025/03/04 01:35:00,4017.32,18.25,TRADE
VIC1,2025/03/04 01:40:00,3958.99,16.56,TRADE
VIC1,2025/03/04 01:45:00,3983.89,19.19,TRADE
VIC1,2025/03/04 01:50:00,3978.93,19.19,TRADE
VIC1,2025/03/04 01:55:00,3992.3,19.19,TRADE
VIC1,2025/03/04 02:00:00,4001.34,19.19,TRADE
VIC1,2025/03/04 02:05:00,4020.28,35.15,TRADE
VIC1,2025/03/04 02:10:00,4133.87,35.95,TRADE
VIC1,2025/03/04 02:15:00,4070.98,35.95,TRADE
VIC1,2025/03/04 02:20:00,4035.73,35.95,TRADE
VIC1,2025/03/04 02:25:00,4084.35,35.95,TRADE
VIC1,2025/03/04 02:30:00,4056.98,35.95,TRADE
VIC1,2025/03/04 02:35:00,4057.05,35.95,TRADE
VIC1,2025/03/04 02:40:00,4065.1,35.95,TRADE
VIC1,2025/03/04 02:45:00,4084.14,35.95,TRADE
VIC1,2025/03/04 02:50:00,4076.71,35.95,TRADE
VIC1,2025/03/04 02:55:00,4018.4,23.30,TRADE
VIC1,2025/03/04 03:00:00,3903.67,19.40,TRADE
VIC1,2025/03/04 03:05:00,3866.94,19.19,TRADE
VIC1,2025/03/04 03:10:00,3916.92,35.05,TRADE
VIC1,2025/03/04 03:15:00,4038.84,60.97,TRADE
VIC1,2025/03/04 03:20:00,4077.12,35.95,TRADE
VIC1,2025/03/04 03:25:00,4112.74,35.95,TRADE
VIC1,2025/03/04 03:30:00,4132.61,35.95,TRADE
VIC1,2025/03/04 03:35:00,4139.85,35.95,TRADE
VIC1,2025/03/04 03:40:00,4169.71,62.98,TRADE
VIC1,2025/03/04 03:45:00,4151.64,35.95,TRADE
VIC1,2025/03/04 03:50:00,4119.17,35.95,TRADE
VIC1,2025/03/04 03:55:00,4157.12,35.95,TRADE
VIC1,2025/03/04 04:00:00,4168.66,35.95,TRADE
VIC1,2025/03/04 04:05:00,4169.35,12,TRADE
VIC1,2025/03/04 04:10:00,4134.36,9,TRADE
VIC1,2025/03/04 04:15:00,4007.92,8.95,TRADE
VIC1,2025/03/04 04:20:00,4105.27,9.06,TRADE
VIC1,2025/03/04 04:25:00,4083.92,9,TRADE
VIC1,2025/03/04 04:30:00,4102.3,9,TRADE
VIC1,2025/03/04 04:35:00,4109.18,9,TRADE
VIC1,2025/03/04 04:40:00,4182.6,10.47,TRADE
VIC1,2025/03/04 04:45:00,4247.12,9.20,TRADE
VIC1,2025/03/04 04:50:00,4299.38,18.85,TRADE
VIC1,2025/03/04 04:55:00,4307.08,19.75,TRADE
VIC1,2025/03/04 05:00:00,4411.16,74.94,TRADE
VIC1,2025/03/04 05:05:00,4609.73,64.67,TRADE
VIC1,2025/03/04 05:10:00,4867.56,68.83,TRADE
VIC1,2025/03/04 05:15:00,4936.57,82.23,TRADE
VIC1,2025/03/04 05:20:00,4919.95,80.23,TRADE
VIC1,2025/03/04 05:25:00,5009.97,92.27,TRADE
VIC1,2025/03/04 05:30:00,5099.67,115.20,TRADE
VIC1,2025/03/04 05:35:00,5086.89,107.10,TRADE
VIC1,2025/03/04 05:40:00,5138.68,113.61,TRADE
VIC1,2025/03/04 05:45:00,5165.31,113.90,TRADE
VIC1,2025/03/04 05:50:00,5222.12,120,TRADE
VIC1,2025/03/04 05:55:00,5300.15,128.47,TRADE
VIC1,2025/03/04 06:00:00,5316.45,128.12,TRADE
VIC1,2025/03/04 06:05:00,5399.99,153.72,TRADE
VIC1,2025/03/04 06:10:00,5577.23,153.72,TRADE
VIC1,2025/03/04 06:15:00,5568.38,155.54,TRADE
VIC1,2025/03/04 06:20:00,5648.83,155.45,TRADE
VIC1,2025/03/04 06:25:00,5628.49,133.48,TRADE
VIC1,2025/03/04 06:30:00,5603.94,127.26,TRADE
VIC1,2025/03/04 06:35:00,5534.48,114.48,TRADE
VIC1,2025/03/04 06:40:00,5564.77,108.85,TRADE
VIC1,2025/03/04 06:45:00,5546.61,83.83,TRADE
VIC1,2025/03/04 06:50:00,5584,75.24,TRADE
VIC1,2025/03/04 06:55:00,5485.64,43.56,TRADE
VIC1,2025/03/04 07:00:00,5380.97,34.49,TRADE
VIC1,2025/03/04 07:05:00,5329.03,53.51,TRADE
VIC1,2025/03/04 07:10:00,5259.66,47.63,TRADE
VIC1,2025/03/04 07:15:00,5169.03,9,TRADE
VIC1,2025/03/04 07:20:00,5009.48,9,TRADE
VIC1,2025/03/04 07:25:00,4990.97,3.30,TRADE
VIC1,2025/03/04 07:30:00,4912.74,-2.51,TRADE
VIC1,2025/03/04 07:35:00,4706.76,-18.54,TRADE
VIC1,2025/03/04 07:40:00,4629.11,-15.32,TRADE
VIC1,2025/03/04 07:45:00,4684.37,8.95,TRADE
VIC1,2025/03/04 07:50:00,4643.74,-26.05,TRADE
VIC1,2025/03/04 07:55:00,4719,-23.85,TRADE
VIC1,2025/03/04 08:00:00,4666.29,-19.99,TRADE
VIC1,2025/03/04 08:05:00,4421.24,-14.14,TRADE
VIC1,2025/03/04 08:10:00,4497.42,8.95,TRADE
VIC1,2025/03/04 08:15:00,4391.91,-20,TRADE
VIC1,2025/03/04 08:20:00,4315.63,-5.51,TRADE
VIC1,2025/03/04 08:25:00,4206.8,-26.94,TRADE
VIC1,2025/03/04 08:30:00,4209.71,-27.87,TRADE
VIC1,2025/03/04 08:35:00,4086.64,-27.49,TRADE
VIC1,2025/03/04 08:40:00,4000.85,-27.31,TRADE
VIC1,2025/03/04 08:45:00,3940.47,11.78,TRADE
VIC1,2025/03/04 08:50:00,3754.2,9,TRADE
VIC1,2025/03/04 08:55:00,3883.17,-40.41,TRADE
VIC1,2025/03/04 09:00:00,3758.74,-19.99,TRADE
VIC1,2025/03/04 09:05:00,3613.41,-11.30,TRADE
VIC1,2025/03/04 09:10:00,3726.2,-61.44,TRADE
VIC1,2025/03/04 09:15:00,3580.91,-19.99,TRADE
VIC1,2025/03/04 09:20:00,3430.67,-18.15,TRADE
VIC1,2025/03/04 09:25:00,3418.3,-29.54,TRADE
VIC1,2025/03/04 09:30:00,3312.67,-38.92,TRADE
VIC1,2025/03/04 09:35:00,3369.92,-29,TRADE
VIC1,2025/03/04 09:40:00,3313.68,-62.27,TRADE
VIC1,2025/03/04 09:45:00,3305.82,-26.64,TRADE
VIC1,2025/03/04 09:50:00,3239.66,-90.39,TRADE
VIC1,2025/03/04 09:55:00,3274.07,-41.48,TRADE
VIC1,2025/03/04 10:00:00,3235.32,-50.01,TRADE
VIC1,2025/03/04 10:05:00,3232.04,-27.40,TRADE
VIC1,2025/03/04 10:10:00,3112.49,20.56,TRADE
VIC1,2025/03/04 10:15:00,3128.65,-99.72,TRADE
VIC1,2025/03/04 10:20:00,3138.18,-62.50,TRADE
VIC1,2025/03/04 10:25:00,3114.46,-44.80,TRADE
VIC1,2025/03/04 10:30:00,3131.6,-56.47,TRADE
VIC1,2025/03/04 10:35:00,3011.1,-44.80,TRADE
VIC1,2025/03/04 10:40:00,3035.77,-30.46,TRADE
VIC1,2025/03/04 10:45:00,3048.95,-31.65,TRADE
VIC1,2025/03/04 10:50:00,3006.12,-23.74,TRADE
VIC1,2025/03/04 10:55:00,2889.87,-31.27,TRADE
VIC1,2025/03/04 11:00:00,2978.82,-66.31,TRADE
VIC1,2025/03/04 11:05:00,2991.55,-66.31,TRADE
VIC1,2025/03/04 11:10:00,2940.94,-42.23,TRADE
VIC1,2025/03/04 11:15:00,2978,-37.28,TRADE
VIC1,2025/03/04 11:20:00,3046.35,-39.49,TRADE
VIC1,2025/03/04 11:25:00,2961.62,-29.74,TRADE
VIC1,2025/03/04 11:30:00,3022.84,-14.06,TRADE
VIC1,2025/03/04 11:35:00,3003.47,-27.41,TRADE
VIC1,2025/03/04 11:40:00,3047.54,-20.19,TRADE
VIC1,2025/03/04 11:45:00,3042.17,-28.31,TRADE
VIC1,2025/03/04 11:50:00,2987.59,-0.01,TRADE
VIC1,2025/03/04 11:55:00,2878.59,-27.47,TRADE
VIC1,2025/03/04 12:00:00,3027.91,12,TRADE
VIC1,2025/03/04 12:05:00,3005.09,12,TRADE
VIC1,2025/03/04 12:10:00,3027.74,-0.01,TRADE
VIC1,2025/03/04 12:15:00,3054.26,-0.01,TRADE
VIC1,2025/03/04 12:20:00,3049.55,-0.01,TRADE
VIC1,2025/03/04 12:25:00,3049.67,-27.51,TRADE
VIC1,2025/03/04 12:30:00,3164.38,-0.01,TRADE
VIC1,2025/03/04 12:35:00,3121.88,-0.01,TRADE
VIC1,2025/03/04 12:40:00,3067.6,6.06,TRADE
VIC1,2025/03/04 12:45:00,3068.73,-0.01,TRADE
VIC1,2025/03/04 12:50:00,3132.04,-0.01,TRADE
VIC1,2025/03/04 12:55:00,3203.62,-8.64,TRADE
VIC1,2025/03/04 13:00:00,3185.67,12,TRADE
VIC1,2025/03/04 13:05:00,3326.3,-42.80,TRADE
VIC1,2025/03/04 13:10:00,3300.78,-27.41,TRADE
VIC1,2025/03/04 13:15:00,3269.76,-29,TRADE
VIC1,2025/03/04 13:20:00,3328.26,-29,TRADE
VIC1,2025/03/04 13:25:00,3290.77,-29.14,TRADE
VIC1,2025/03/04 13:30:00,3293.03,-29,TRADE
VIC1,2025/03/04 13:35:00,3419.8,-20.19,TRADE
VIC1,2025/03/04 13:40:00,3443.69,-26.82,TRADE
VIC1,2025/03/04 13:45:00,3451.02,-27.09,TRADE
VIC1,2025/03/04 13:50:00,3620.32,9.69,TRADE
VIC1,2025/03/04 13:55:00,3693.9,12,TRADE
VIC1,2025/03/04 14:00:00,3693.9,12,TRADE
VIC1,2025/03/04 14:05:00,3698.14,35.16,TRADE
VIC1,2025/03/04 14:10:00,3719.43,20.57,TRADE
VIC1,2025/03/04 14:15:00,3877.99,34.81,TRADE
VIC1,2025/03/04 14:20:00,3948.49,12,TRADE
VIC1,2025/03/04 14:25:00,3978.49,32.25,TRADE
VIC1,2025/03/04 14:30:00,4032.7,34.52,TRADE
VIC1,2025/03/04 14:35:00,4145.93,12,TRADE
VIC1,2025/03/04 14:40:00,4215.7,33,TRADE
VIC1,2025/03/04 14:45:00,4334.86,19.09,TRADE
VIC1,2025/03/04 14:50:00,4381.48,33,TRADE
VIC1,2025/03/04 14:55:00,4433.63,33,TRADE
VIC1,2025/03/04 15:00:00,4610.6,31.20,TRADE
VIC1,2025/03/04 15:05:00,4688.67,20.59,TRADE
VIC1,2025/03/04 15:10:00,4572.95,-0.38,TRADE
VIC1,2025/03/04 15:15:00,4805.37,19.19,TRADE
VIC1,2025/03/04 15:20:00,4940.41,35.51,TRADE
VIC1,2025/03/04 15:25:00,5054.27,53.46,TRADE
VIC1,2025/03/04 15:30:00,5059.33,34.67,TRADE
VIC1,2025/03/04 15:35:00,5144.4,33,TRADE
VIC1,2025/03/04 15:40:00,5326.16,36.47,TRADE
VIC1,2025/03/04 15:45:00,5351.61,60.28,TRADE
VIC1,2025/03/04 15:50:00,5428.33,97.21,TRADE
VIC1,2025/03/04 15:55:00,5376.87,84.29,TRADE
VIC1,2025/03/04 16:00:00,5459.8,102.48,TRADE
VIC1,2025/03/04 16:05:00,5551.84,72.83,TRADE
VIC1,2025/03/04 16:10:00,5571.14,75.72,TRADE
VIC1,2025/03/04 16:15:00,5580.39,79.04,TRADE
VIC1,2025/03/04 16:20:00,5682,79.47,TRADE
VIC1,2025/03/04 16:25:00,5834.44,112.89,TRADE
VIC1,2025/03/04 16:30:00,5913.72,79.77,TRADE
VIC1,2025/03/04 16:35:00,6009.62,166.49,TRADE
VIC1,2025/03/04 16:40:00,6168.53,79.88,TRADE
VIC1,2025/03/04 16:45:00,6170.31,89.82,TRADE
VIC1,2025/03/04 16:50:00,6304.41,98.34,TRADE
VIC1,2025/03/04 16:55:00,6390.99,127.63,TRADE
VIC1,2025/03/04 17:00:00,6445.18,111.87,TRADE
VIC1,2025/03/04 17:05:00,6566.81,120,TRADE
VIC1,2025/03/04 17:10:00,6509.23,160,TRADE
VIC1,2025/03/04 17:15:00,6574.34,160,TRADE
VIC1,2025/03/04 17:20:00,6619.81,125.52,TRADE
VIC1,2025/03/04 17:25:00,6650.84,143.72,TRADE
VIC1,2025/03/04 17:30:00,6804.59,160,TRADE
VIC1,2025/03/04 17:35:00,6940.43,160,TRADE
VIC1,2025/03/04 17:40:00,7028,160,TRADE
VIC1,2025/03/04 17:45:00,7053.44,202.86,TRADE
VIC1,2025/03/04 17:50:00,7183.14,205.89,TRADE
VIC1,2025/03/04 17:55:00,7272.01,211.14,TRADE
VIC1,2025/03/04 18:00:00,7359.34,292.89,TRADE
VIC1,2025/03/04 18:05:00,7316.34,183.08,TRADE
VIC1,2025/03/04 18:10:00,7385.71,186.92,TRADE
VIC1,2025/03/04 18:15:00,7370.41,205.58,TRADE
VIC1,2025/03/04 18:20:00,7371.34,214.11,TRADE
VIC1,2025/03/04 18:25:00,7473.66,281.38,TRADE
VIC1,2025/03/04 18:30:00,7437.28,208.13,TRADE
VIC1,2025/03/04 18:35:00,7457.21,207.73,TRADE
VIC1,2025/03/04 18:40:00,7507.29,196,TRADE
VIC1,2025/03/04 18:45:00,7504.75,206.85,TRADE
VIC1,2025/03/04 18:50:00,7527.9,206.47,TRADE
VIC1,2025/03/04 18:55:00,7362.65,218.77,TRADE
VIC1,2025/03/04 19:00:00,7309.85,204.42,TRADE
VIC1,2025/03/04 19:05:00,7284.69,205.18,TRADE
VIC1,2025/03/04 19:10:00,7186.58,200.79,TRADE
VIC1,2025/03/04 19:15:00,7081.72,188.31,TRADE
VIC1,2025/03/04 19:20:00,7068.48,183.85,TRADE
VIC1,2025/03/04 19:25:00,7030.26,179.87,TRADE
VIC1,2025/03/04 19:30:00,7015.34,183.13,TRADE
VIC1,2025/03/04 19:35:00,6991.12,194.78,TRADE
VIC1,2025/03/04 19:40:00,7001.5,190.23,TRADE
VIC1,2025/03/04 19:45:00,6991.77,183.85,TRADE
VIC1,2025/03/04 19:50:00,6867.39,161.49,TRADE
VIC1,2025/03/04 19:55:00,6872.58,160,TRADE
VIC1,2025/03/04 20:00:00,6849.3,159.80,TRADE
VIC1,2025/03/04 20:05:00,6792.66,160,TRADE
VIC1,2025/03/04 20:10:00,6752.26,159.80,TRADE
VIC1,2025/03/04 20:15:00,6623.26,129.93,TRADE
VIC1,2025/03/04 20:20:00,6601.88,128.49,TRADE
VIC1,2025/03/04 20:25:00,6516.69,127.19,TRADE
VIC1,2025/03/04 20:30:00,6454.45,126.65,TRADE
VIC1,2025/03/04 20:35:00,6403.01,128.63,TRADE
VIC1,2025/03/04 20:40:00,6380.71,127.49,TRADE
VIC1,2025/03/04 20:45:00,6299.67,124.29,TRADE
VIC1,2025/03/04 20:50:00,6209.26,124.42,TRADE
VIC1,2025/03/04 20:55:00,6032.19,116.67,TRADE
VIC1,2025/03/04 21:00:00,6065.66,111.98,TRADE
VIC1,2025/03/04 21:05:00,6029.49,119.79,TRADE
VIC1,2025/03/04 21:10:00,5895.72,120,TRADE
VIC1,2025/03/04 21:15:00,5873.17,124.42,TRADE
VIC1,2025/03/04 21:20:00,5818.33,121.49,TRADE
VIC1,2025/03/04 21:25:00,5801.09,120,TRADE
VIC1,2025/03/04 21:30:00,5781.45,117.16,TRADE
VIC1,2025/03/04 21:35:00,5668.94,119.08,TRADE
VIC1,2025/03/04 21:40:00,5701.59,115.46,TRADE
VIC1,2025/03/04 21:45:00,5660.94,105.95,TRADE
VIC1,2025/03/04 21:50:00,5629.06,94.12,TRADE
VIC1,2025/03/04 21:55:00,5561.29,92.71,TRADE
VIC1,2025/03/04 22:00:00,5514.32,79.53,TRADE
VIC1,2025/03/04 22:05:00,5491.18,95.27,TRADE
VIC1,2025/03/04 22:10:00,5486.22,100.04,TRADE
VIC1,2025/03/04 22:15:00,5432.66,108.02,TRADE
VIC1,2025/03/04 22:20:00,5363.94,104.57,TRADE
VIC1,2025/03/04 22:25:00,5383.45,112.61,TRADE
VIC1,2025/03/04 22:30:00,5360.98,104.68,TRADE
VIC1,2025/03/04 22:35:00,5419.04,112.89,TRADE
VIC1,2025/03/04 22:40:00,5324.68,104.12,TRADE
VIC1,2025/03/04 22:45:00,5362.76,108.53,TRADE
VIC1,2025/03/04 22:50:00,5319.56,98.07,TRADE
VIC1,2025/03/04 22:55:00,5330.62,95.04,TRADE
VIC1,2025/03/04 23:00:00,5235.95,92.63,TRADE
VIC1,2025/03/04 23:05:00,5185.18,93.57,TRADE
VIC1,2025/03/04 23:10:00,5323.3,114.13,TRADE
VIC1,2025/03/04 23:15:00,5490,113.84,TRADE
VIC1,2025/03/04 23:20:00,5429.57,103.05,TRADE
VIC1,2025/03/04 23:25:00,5458.2,103.30,TRADE
VIC1,2025/03/04 23:30:00,5464.95,112.61,TRADE
VIC1,2025/03/04 23:35:00,5392.57,114.77,TRADE
VIC1,2025/03/04 23:40:00,5335.6,115.65,TRADE
VIC1,2025/03/04 23:45:00,5188.81,114.48,TRADE
VIC1,2025/03/04 23:50:00,5185.51,105.86,TRADE
VIC1,2025/03/04 23:55:00,5127.46,106.90,TRADE
VIC1,2025/03/05 00:00:00,5156.73,108.31,TRADE
VIC1,2025/03/05 00:05:00,5153.62,114.48,TRADE
VIC1,2025/03/05 00:10:00,5035.76,112.66,TRADE
VIC1,2025/03/05 00:15:00,5064.47,105.98,TRADE
VIC1,2025/03/05 00:20:00,4989.95,100.01,TRADE
VIC1,2025/03/05 00:25:00,4959.53,94.44,TRADE
VIC1,2025/03/05 00:30:00,4913.23,91.77,TRADE
VIC1,2025/03/05 00:35:00,4773.33,89.49,TRADE
VIC1,2025/03/05 00:40:00,4771.28,93.17,TRADE
VIC1,2025/03/05 00:45:00,4771.32,89.64,TRADE
VIC1,2025/03/05 00:50:00,4697.74,88.10,TRADE
VIC1,2025/03/05 00:55:00,4620.21,84.54,TRADE
VIC1,2025/03/05 01:00:00,4618.79,82.71,TRADE
VIC1,2025/03/05 01:05:00,4661.61,92.39,TRADE
VIC1,2025/03/05 01:10:00,4606.69,100.78,TRADE
VIC1,2025/03/05 01:15:00,4645.64,102.84,TRADE
VIC1,2025/03/05 01:20:00,4661.15,101.31,TRADE
VIC1,2025/03/05 01:25:00,4641.11,101.36,TRADE
VIC1,2025/03/05 01:30:00,4549.92,98.38,TRADE
VIC1,2025/03/05 01:35:00,4538.2,97.72,TRADE
VIC1,2025/03/05 01:40:00,4505.71,92.57,TRADE
VIC1,2025/03/05 01:45:00,4563.61,92.72,TRADE
VIC1,2025/03/05 01:50:00,4474.31,90.81,TRADE
VIC1,2025/03/05 01:55:00,4506.5,90.87,TRADE
VIC1,2025/03/05 02:00:00,4431.21,86.15,TRADE
VIC1,2025/03/05 02:05:00,4482.2,90.25,TRADE
VIC1,2025/03/05 02:10:00,4482.61,87.85,TRADE
VIC1,2025/03/05 02:15:00,4496.96,90.82,TRADE
VIC1,2025/03/05 02:20:00,4402.16,85.60,TRADE
VIC1,2025/03/05 02:25:00,4401.47,86.29,TRADE
VIC1,2025/03/05 02:30:00,4466.26,85.55,TRADE
VIC1,2025/03/05 02:35:00,4442.75,88.34,TRADE
VIC1,2025/03/05 02:40:00,4427.78,84.75,TRADE
VIC1,2025/03/05 02:45:00,4449.83,82.06,TRADE
VIC1,2025/03/05 02:50:00,4428.74,78.94,TRADE
VIC1,2025/03/05 02:55:00,4420.84,79.56,TRADE
VIC1,2025/03/05 03:00:00,4305.06,74.56,TRADE
VIC1,2025/03/05 03:05:00,4355.19,79.01,TRADE
VIC1,2025/03/05 03:10:00,4364.7,75.46,TRADE
VIC1,2025/03/05 03:15:00,4394.42,79.49,TRADE
VIC1,2025/03/05 03:20:00,4333.9,78.87,TRADE
VIC1,2025/03/05 03:25:00,4366.53,82.30,TRADE
VIC1,2025/03/05 03:30:00,4321.14,78.39,TRADE
VIC1,2025/03/05 03:35:00,4339.34,78.97,TRADE
VIC1,2025/03/05 03:40:00,4363.93,82.68,TRADE
VIC1,2025/03/05 03:45:00,4357.21,78.12,TRADE
VIC1,2025/03/05 03:50:00,4348.64,75.76,TRADE
VIC1,2025/03/05 03:55:00,4369.55,78.87,TRADE
VIC1,2025/03/05 04:00:00,4362.01,75.87,TRADE
VIC1,2025/03/05 04:05:00,4416.49,75.11,TRADE
VIC1,2025/03/05 04:10:00,4428.1,77.30,TRADE
VIC1,2025/03/05 04:15:00,4441.87,77.85,TRADE
VIC1,2025/03/05 04:20:00,4411.57,72.81,TRADE
VIC1,2025/03/05 04:25:00,4457.58,72.76,TRADE
VIC1,2025/03/05 04:30:00,4497.08,71.62,TRADE
VIC1,2025/03/05 04:35:00,4493.43,70.54,TRADE
VIC1,2025/03/05 04:40:00,4533.76,70.60,TRADE
VIC1,2025/03/05 04:45:00,4519.16,68.87,TRADE
VIC1,2025/03/05 04:50:00,4585.75,69.52,TRADE
VIC1,2025/03/05 04:55:00,4651.33,68.24,TRADE
VIC1,2025/03/05 05:00:00,4717.67,69.16,TRADE
VIC1,2025/03/05 05:05:00,4764.68,68.92,TRADE
VIC1,2025/03/05 05:10:00,4931.74,79,TRADE
VIC1,2025/03/05 05:15:00,4938.76,79,TRADE
VIC1,2025/03/05 05:20:00,4969.28,87.43,TRADE
VIC1,2025/03/05 05:25:00,5067.16,96.34,TRADE
VIC1,2025/03/05 05:30:00,5119.75,96.74,TRADE
VIC1,2025/03/05 05:35:00,5158.72,100.19,TRADE
VIC1,2025/03/05 05:40:00,5265.85,111.10,TRADE
VIC1,2025/03/05 05:45:00,5292.08,111.34,TRADE
VIC1,2025/03/05 05:50:00,5348.56,114.46,TRADE
VIC1,2025/03/05 05:55:00,5392.28,120,TRADE
VIC1,2025/03/05 06:00:00,5432.61,122.09,TRADE
VIC1,2025/03/05 06:05:00,5480.19,126.24,TRADE
VIC1,2025/03/05 06:10:00,5612.7,156.80,TRADE
VIC1,2025/03/05 06:15:00,5671.14,160,TRADE
VIC1,2025/03/05 06:20:00,5677.2,155.71,TRADE
VIC1,2025/03/05 06:25:00,5745.05,148.77,TRADE
VIC1,2025/03/05 06:30:00,5681.8,120.29,TRADE
VIC1,2025/03/05 06:35:00,5717.84,120,TRADE
VIC1,2025/03/05 06:40:00,5723.82,117.61,TRADE
VIC1,2025/03/05 06:45:00,5707.13,97.66,TRADE
VIC1,2025/03/05 06:50:00,5598.81,79.32,TRADE
VIC1,2025/03/05 06:55:00,5593.33,80.28,TRADE
VIC1,2025/03/05 07:00:00,5494.31,59.64,TRADE
VIC1,2025/03/05 07:05:00,5475.72,79,TRADE
VIC1,2025/03/05 07:10:00,5422.73,60.44,TRADE
VIC1,2025/03/05 07:15:00,5339.34,27.68,TRADE
VIC1,2025/03/05 07:20:00,5275.77,12,TRADE
VIC1,2025/03/05 07:25:00,5278.45,18.64,TRADE
VIC1,2025/03/05 07:30:00,5249.8,18.25,TRADE
VIC1,2025/03/05 07:35:00,5118.71,18.13,TRADE
VIC1,2025/03/05 07:40:00,5023.86,33.66,TRADE
VIC1,2025/03/05 07:45:00,4896.97,12,TRADE
VIC1,2025/03/05 07:50:00,4901.12,12,TRADE
VIC1,2025/03/05 07:55:00,4836.03,8.95,TRADE
VIC1,2025/03/05 08:00:00,4819.9,8.95,TRADE
VIC1,2025/03/05 08:05:00,4841.08,8.95,TRADE
VIC1,2025/03/05 08:10:00,4823.45,-16.01,TRADE
VIC1,2025/03/05 08:15:00,4875.72,8.95,TRADE
VIC1,2025/03/05 08:20:00,4736.48,8.95,TRADE
VIC1,2025/03/05 08:25:00,4656.57,8.95,TRADE
VIC1,2025/03/05 08:30:00,4610.51,-18.22,TRADE
VIC1,2025/03/05 08:35:00,4630,8.95,TRADE
VIC1,2025/03/05 08:40:00,4571.07,0,TRADE
VIC1,2025/03/05 08:45:00,4477.9,-18.15,TRADE
VIC1,2025/03/05 08:50:00,4545.9,0,TRADE
VIC1,2025/03/05 08:55:00,4535.94,-18.15,TRADE
VIC1,2025/03/05 09:00:00,4435.55,-19.06,TRADE
VIC1,2025/03/05 09:05:00,4414.66,-19.99,TRADE
VIC1,2025/03/05 09:10:00,4408.1,-11.55,TRADE
VIC1,2025/03/05 09:15:00,4357.83,-19.99,TRADE
VIC1,2025/03/05 09:20:00,4337.78,-21,TRADE
VIC1,2025/03/05 09:25:00,4365.17,-21,TRADE
VIC1,2025/03/05 09:30:00,4307.01,-21,TRADE
VIC1,2025/03/05 09:35:00,4289.59,0,TRADE
VIC1,2025/03/05 09:40:00,4233.14,-18.15,TRADE
VIC1,2025/03/05 09:45:00,4232.59,-19.99,TRADE
VIC1,2025/03/05 09:50:00,4216.09,-21,TRADE
VIC1,2025/03/05 09:55:00,4172.36,0,TRADE
VIC1,2025/03/05 10:00:00,4185.34,-21,TRADE
VIC1,2025/03/05 10:05:00,4188.95,0.01,TRADE
VIC1,2025/03/05 10:10:00,4166.95,0.01,TRADE
VIC1,2025/03/05 10:15:00,4206.06,0.01,TRADE
VIC1,2025/03/05 10:20:00,4190.44,-14.82,TRADE
VIC1,2025/03/05 10:25:00,4213.13,-18.42,TRADE
VIC1,2025/03/05 10:30:00,4190.71,-24.67,TRADE
VIC1,2025/03/05 10:35:00,4192.39,-24.84,TRADE
VIC1,2025/03/05 10:40:00,4173.67,-25.53,TRADE
VIC1,2025/03/05 10:45:00,4192.71,-26.33,TRADE
VIC1,2025/03/05 10:50:00,4221.47,-27.41,TRADE
VIC1,2025/03/05 10:55:00,4258.59,-27.96,TRADE
VIC1,2025/03/05 11:00:00,4305.48,-28.18,TRADE
VIC1,2025/03/05 11:05:00,4362.04,-28.40,TRADE
VIC1,2025/03/05 11:10:00,4376.76,-28.37,TRADE
VIC1,2025/03/05 11:15:00,4424.7,-26.39,TRADE
VIC1,2025/03/05 11:20:00,4394.29,-27.41,TRADE
VIC1,2025/03/05 11:25:00,4464.1,-28.45,TRADE
VIC1,2025/03/05 11:30:00,4500.2,-26.65,TRADE
VIC1,2025/03/05 11:35:00,4508.63,-26.25,TRADE
VIC1,2025/03/05 11:40:00,4543.07,-25.66,TRADE
VIC1,2025/03/05 11:45:00,4579.68,-25.45,TRADE
VIC1,2025/03/05 11:50:00,4542.52,-26.12,TRADE
VIC1,2025/03/05 11:55:00,4599.91,-25.71,TRADE
VIC1,2025/03/05 12:00:00,4622.65,-19.99,TRADE
VIC1,2025/03/05 12:05:00,4496.08,-19.99,TRADE
VIC1,2025/03/05 12:10:00,4549.72,0.01,TRADE
VIC1,2025/03/05 12:15:00,4605.5,8.95,TRADE
VIC1,2025/03/05 12:20:00,4681.4,8.95,TRADE
VIC1,2025/03/05 12:25:00,4678.76,0.98,TRADE
VIC1,2025/03/05 12:30:00,4746.32,-22.54,TRADE
VIC1,2025/03/05 12:35:00,4832.43,8.95,TRADE
VIC1,2025/03/05 12:40:00,4844.68,8.95,TRADE
VIC1,2025/03/05 12:45:00,4832.62,11,TRADE
VIC1,2025/03/05 12:50:00,4833.92,8.95,TRADE
VIC1,2025/03/05 12:55:00,4848.07,-14.82,TRADE
VIC1,2025/03/05 13:00:00,4932.14,-14.82,TRADE
VIC1,2025/03/05 13:05:00,5000.78,-19.99,TRADE
VIC1,2025/03/05 13:10:00,5080.83,5.47,TRADE
VIC1,2025/03/05 13:15:00,5066,8.95,TRADE
VIC1,2025/03/05 13:20:00,5094.97,0.95,TRADE
VIC1,2025/03/05 13:25:00,5211.34,8.95,TRADE
VIC1,2025/03/05 13:30:00,5220.39,8.95,TRADE
VIC1,2025/03/05 13:35:00,5324.09,-21,TRADE
VIC1,2025/03/05 13:40:00,5333.66,-19.99,TRADE
VIC1,2025/03/05 13:45:00,5328.34,-14.82,TRADE
VIC1,2025/03/05 13:50:00,5334.79,-14.82,TRADE
VIC1,2025/03/05 13:55:00,5361.61,-14.82,TRADE
VIC1,2025/03/05 14:00:00,5341.42,-14.82,TRADE
VIC1,2025/03/05 14:05:00,5384.85,-14.82,TRADE
VIC1,2025/03/05 14:10:00,5353.07,-14.82,TRADE
VIC1,2025/03/05 14:15:00,5399.09,0,TRADE
VIC1,2025/03/05 14:20:00,5406.69,-14.82,TRADE
VIC1,2025/03/05 14:25:00,5456.75,8.95,TRADE
VIC1,2025/03/05 14:30:00,5428.81,-14.82,TRADE
VIC1,2025/03/05 14:35:00,5399.58,-19.99,TRADE
VIC1,2025/03/05 14:40:00,5443.29,-19.99,TRADE
VIC1,2025/03/05 14:45:00,5451.72,-14.82,TRADE
VIC1,2025/03/05 14:50:00,5423.1,-19.99,TRADE
VIC1,2025/03/05 14:55:00,5559.88,8.53,TRADE
VIC1,2025/03/05 15:00:00,5537.3,-14.75,TRADE
VIC1,2025/03/05 15:05:00,5496.39,20.39,TRADE
VIC1,2025/03/05 15:10:00,5624.18,8.95,TRADE
VIC1,2025/03/05 15:15:00,5707.47,8.95,TRADE
VIC1,2025/03/05 15:20:00,5722.31,8.95,TRADE
VIC1,2025/03/05 15:25:00,5751.82,8.95,TRADE
VIC1,2025/03/05 15:30:00,5870.58,8.95,TRADE
VIC1,2025/03/05 15:35:00,5939.54,79.75,TRADE
VIC1,2025/03/05 15:40:00,5928.02,12,TRADE
VIC1,2025/03/05 15:45:00,5878.98,8.95,TRADE
VIC1,2025/03/05 15:50:00,6019.05,-14.82,TRADE
VIC1,2025/03/05 15:55:00,6032.59,-14.82,TRADE
VIC1,2025/03/05 16:00:00,6105.03,17.77,TRADE
VIC1,2025/03/05 16:05:00,6181.82,8.95,TRADE
VIC1,2025/03/05 16:10:00,6220.05,33.89,TRADE
VIC1,2025/03/05 16:15:00,6244.88,33.89,TRADE
VIC1,2025/03/05 16:20:00,6331.21,33.89,TRADE
VIC1,2025/03/05 16:25:00,6387.76,33.89,TRADE
VIC1,2025/03/05 16:30:00,6355.4,30.33,TRADE
VIC1,2025/03/05 16:35:00,6339.26,8.95,TRADE
VIC1,2025/03/05 16:40:00,6288.28,8.95,TRADE
VIC1,2025/03/05 16:45:00,6320.71,22.12,TRADE
VIC1,2025/03/05 16:50:00,6414.54,8.95,TRADE
VIC1,2025/03/05 16:55:00,6347.81,13.62,TRADE
VIC1,2025/03/05 17:00:00,6525.56,58.15,TRADE
VIC1,2025/03/05 17:05:00,6499.79,29.71,TRADE
VIC1,2025/03/05 17:10:00,6454.69,35.89,TRADE
VIC1,2025/03/05 17:15:00,6512.52,98.56,TRADE
VIC1,2025/03/05 17:20:00,6627.76,116.08,TRADE
VIC1,2025/03/05 17:25:00,6732.8,119.65,TRADE
VIC1,2025/03/05 17:30:00,6907.37,103.37,TRADE
VIC1,2025/03/05 17:35:00,6953.16,112.72,TRADE
VIC1,2025/03/05 17:40:00,7044.24,136.68,TRADE
VIC1,2025/03/05 17:45:00,7123.97,148.77,TRADE
VIC1,2025/03/05 17:50:00,7209.6,187.13,TRADE
VIC1,2025/03/05 17:55:00,7196.03,295.79,TRADE
VIC1,2025/03/05 18:00:00,7241.1,58.94,TRADE
VIC1,2025/03/05 18:05:00,7017.3,70.70,TRADE
VIC1,2025/03/05 18:10:00,7018.42,78.85,TRADE
VIC1,2025/03/05 18:15:00,7050.43,78.85,TRADE
VIC1,2025/03/05 18:20:00,7082.23,113.24,TRADE
VIC1,2025/03/05 18:25:00,6987.21,115.33,TRADE
VIC1,2025/03/05 18:30:00,7040.94,151.51,TRADE
VIC1,2025/03/05 18:35:00,7092.73,220.88,TRADE
VIC1,2025/03/05 18:40:00,7098.44,297.01,TRADE
VIC1,2025/03/05 18:45:00,6972.09,236.47,TRADE
VIC1,2025/03/05 18:50:00,7020.06,101.05,TRADE
VIC1,2025/03/05 18:55:00,6978.22,148.77,TRADE
VIC1,2025/03/05 19:00:00,6954.09,148.77,TRADE
VIC1,2025/03/05 19:05:00,6718.05,148.13,TRADE
VIC1,2025/03/05 19:10:00,6824.75,167.75,TRADE
VIC1,2025/03/05 19:15:00,6798.41,147.13,TRADE
VIC1,2025/03/05 19:20:00,6790.11,147.87,TRADE
VIC1,2025/03/05 19:25:00,6838.86,170.23,TRADE
VIC1,2025/03/05 19:30:00,6696.28,126.53,TRADE
VIC1,2025/03/05 19:35:00,6718.11,149.29,TRADE
VIC1,2025/03/05 19:40:00,6709.07,151.30,TRADE
VIC1,2025/03/05 19:45:00,6526.26,144.10,TRADE
VIC1,2025/03/05 19:50:00,6365.57,125.55,TRADE
VIC1,2025/03/05 19:55:00,6278.25,143.94,TRADE
VIC1,2025/03/05 20:00:00,6306.47,142.94,TRADE
VIC1,2025/03/05 20:05:00,6246.87,145.71,TRADE
VIC1,2025/03/05 20:10:00,6203.13,149.25,TRADE
VIC1,2025/03/05 20:15:00,6170.26,148.65,TRADE
VIC1,2025/03/05 20:20:00,6085.67,153.36,TRADE
VIC1,2025/03/05 20:25:00,6072.51,159.80,TRADE
VIC1,2025/03/05 20:30:00,6051.99,149.03,TRADE
VIC1,2025/03/05 20:35:00,5987.43,146.01,TRADE
VIC1,2025/03/05 20:40:00,5833.96,146.28,TRADE
VIC1,2025/03/05 20:45:00,5839.52,141.51,TRADE
VIC1,2025/03/05 20:50:00,5774.03,115.78,TRADE
VIC1,2025/03/05 20:55:00,5806.68,116.04,TRADE
VIC1,2025/03/05 21:00:00,5723.36,113.88,TRADE
VIC1,2025/03/05 21:05:00,5721.34,114.46,TRADE
VIC1,2025/03/05 21:10:00,5713.02,113.02,TRADE
VIC1,2025/03/05 21:15:00,5675.76,110.96,TRADE
VIC1,2025/03/05 21:20:00,5616.75,19.19,TRADE
VIC1,2025/03/05 21:25:00,5525.48,12,TRADE
VIC1,2025/03/05 21:30:00,5490.59,19.19,TRADE
VIC1,2025/03/05 21:35:00,5469.04,60.49,TRADE
VIC1,2025/03/05 21:40:00,5417.13,115.85,TRADE
VIC1,2025/03/05 21:45:00,5358.67,111.26,TRADE
VIC1,2025/03/05 21:50:00,5283.79,108.22,TRADE
VIC1,2025/03/05 21:55:00,5290.24,105.68,TRADE
VIC1,2025/03/05 22:00:00,5207,19.19,TRADE
VIC1,2025/03/05 22:05:00,5065.8,35.95,TRADE
VIC1,2025/03/05 22:10:00,5108.83,58.50,TRADE
VIC1,2025/03/05 22:15:00,5182.93,136.46,TRADE
VIC1,2025/03/05 22:20:00,5152.38,35.95,TRADE
VIC1,2025/03/05 22:25:00,5049.72,35.95,TRADE
VIC1,2025/03/05 22:30:00,5013.36,19.19,TRADE
VIC1,2025/03/05 22:35:00,5066.81,35.95,TRADE
VIC1,2025/03/05 22:40:00,5012.45,59.97,TRADE
VIC1,2025/03/05 22:45:00,4996.65,35.95,TRADE
VIC1,2025/03/05 22:50:00,4919.69,35.95,TRADE
VIC1,2025/03/05 22:55:00,4935.73,35.95,TRADE
VIC1,2025/03/05 23:00:00,4994.46,35.95,TRADE
VIC1,2025/03/05 23:05:00,4994.78,93.56,TRADE
VIC1,2025/03/05 23:10:00,5103.79,109.95,TRADE
VIC1,2025/03/05 23:15:00,5174.8,111.23,TRADE
VIC1,2025/03/05 23:20:00,5084.43,91.35,TRADE
VIC1,2025/03/05 23:25:00,5150.39,91.22,TRADE
VIC1,2025/03/05 23:30:00,5061.05,35.95,TRADE
VIC1,2025/03/05 23:35:00,5040.68,79.73,TRADE
VIC1,2025/03/05 23:40:00,5012.35,91.82,TRADE
VIC1,2025/03/05 23:45:00,5041.36,90.79,TRADE
VIC1,2025/03/05 23:50:00,4960.45,33,TRADE
VIC1,2025/03/05 23:55:00,4874.81,33,TRADE
VIC1,2025/03/06 00:00:00,4853.31,35.95,TRADE
